OverallQual,GrLivArea,GarageCars,GarageArea,TotalBsmtSF,1stFlrSF,FullBath,YearBuilt,Fireplaces,TotRmsAbvGrd,KitchenQual,ExterQual,BsmtQual,GarageFinish,OpenPorchSF,SalePrice
7,1710,2,548,856,856,2,2003,0,8,Gd,Gd,Gd,RFn,61,208500
6,1262,2,460,1262,1262,2,1976,1,6,TA,TA,Gd,RFn,0,181500
7,1786,2,608,920,920,2,2001,1,6,Gd,Gd,Gd,RFn,42,223500
7,1717,3,642,756,961,1,1915,1,7,Gd,TA,TA,Unf,35,140000
8,2198,3,836,1145,1145,2,2000,1,9,Gd,Gd,Gd,RFn,84,250000
5,1362,2,480,796,796,1,1993,0,5,TA,TA,Gd,Unf,30,143000
8,1694,2,636,1686,1694,2,2004,1,7,Gd,Gd,Ex,RFn,57,307000
7,2090,2,484,1107,1107,2,1973,2,7,TA,TA,Gd,RFn,204,200000
7,1774,2,468,952,1022,2,1931,2,8,TA,TA,TA,Unf,0,129900
5,1077,1,205,991,1077,1,1939,2,5,TA,TA,TA,RFn,4,118000
5,1040,1,384,1040,1040,1,1965,0,5,TA,TA,TA,Unf,0,129500
9,2324,3,736,1175,1182,3,2005,2,11,Ex,Ex,Ex,Fin,21,345000
5,912,1,352,912,912,1,1962,0,4,TA,TA,TA,Unf,0,144000
7,1494,3,840,1494,1494,2,2006,1,7,Gd,Gd,Gd,RFn,33,279500
6,1253,1,352,1253,1253,1,1960,1,5,TA,TA,TA,RFn,213,157000
7,854,2,576,832,854,1,1929,0,5,TA,TA,TA,Unf,112,132000
6,1004,2,480,1004,1004,1,1970,1,5,TA,TA,TA,Fin,0,149000
4,1296,2,516,0,1296,2,1967,0,6,TA,TA,,Unf,0,90000
5,1114,2,576,1114,1114,1,2004,0,6,Gd,TA,TA,Unf,102,159000
5,1339,1,294,1029,1339,1,1958,0,6,TA,TA,TA,Unf,0,139000
8,2376,3,853,1158,1158,3,2005,1,9,Gd,Gd,Ex,RFn,154,325300
7,1108,1,280,637,1108,1,1930,1,6,Gd,TA,TA,Unf,0,139400
8,1795,2,534,1777,1795,2,2002,1,7,Gd,Gd,Gd,RFn,159,230000
5,1060,2,572,1040,1060,1,1976,1,6,TA,TA,Gd,Unf,110,129900
5,1060,1,270,1060,1060,1,1968,1,6,Gd,TA,TA,Unf,90,154000
8,1600,3,890,1566,1600,2,2007,1,7,Gd,Gd,Gd,RFn,56,256300
5,900,2,576,900,900,1,1951,0,5,Gd,TA,TA,Unf,32,134800
8,1704,3,772,1704,1704,2,2007,1,7,Gd,Gd,Ex,RFn,50,306000
5,1600,1,319,1484,1600,1,1957,2,6,TA,TA,TA,RFn,258,207500
4,520,1,240,520,520,1,1927,0,4,Fa,TA,TA,Unf,0,68500
4,1317,1,250,649,649,1,1920,0,6,TA,TA,TA,Unf,54,40000
5,1228,1,271,1228,1228,1,1966,0,6,Gd,TA,TA,Unf,65,149350
8,1234,2,484,1234,1234,2,2007,0,7,Gd,Gd,Ex,RFn,30,179900
5,1700,2,447,1398,1700,1,1959,1,6,Gd,TA,TA,RFn,38,165500
9,1561,2,556,1561,1561,2,2005,1,6,Ex,Ex,Ex,Fin,47,277500
8,2452,3,691,1117,1132,3,2004,1,9,Gd,Gd,Ex,Fin,32,309000
5,1097,2,672,1097,1097,1,1994,0,6,TA,TA,Gd,Unf,64,145000
5,1297,2,498,1297,1297,1,1954,1,5,TA,TA,TA,Fin,0,153000
5,1057,1,246,1057,1057,1,1953,0,5,Gd,TA,TA,Unf,52,109000
4,1152,0,0,0,1152,2,1955,0,6,Fa,TA,,,0,82000
6,1324,2,440,1088,1324,2,1965,1,6,TA,TA,TA,RFn,138,160000
5,1328,1,308,1350,1328,1,1959,2,5,TA,TA,TA,RFn,104,170000
5,884,2,504,840,884,1,1983,0,5,Gd,TA,Gd,RFn,0,144000
5,938,1,308,938,938,1,1975,0,5,TA,TA,Gd,Unf,0,130250
5,1150,1,300,1150,1150,1,1959,0,6,TA,TA,TA,RFn,0,141000
9,1752,2,576,1752,1752,2,2005,1,6,Ex,Ex,Ex,RFn,82,319900
7,2149,2,670,1434,1518,1,2003,1,6,Gd,Gd,Ex,RFn,43,239686
8,1656,3,826,1656,1656,2,2006,0,7,Gd,Gd,Gd,RFn,146,249700
4,1452,0,0,736,736,2,1920,0,8,TA,TA,TA,,0,113000
5,955,1,386,955,955,1,1966,0,6,TA,TA,TA,Unf,0,127000
6,1470,2,388,794,794,2,1997,0,6,TA,TA,Gd,Fin,75,177000
6,1176,2,528,816,816,1,1934,1,6,TA,TA,TA,Unf,0,114500
5,816,2,516,816,816,1,1963,0,5,TA,Fa,Gd,Unf,0,110000
9,1842,3,894,1842,1842,0,1981,1,5,Gd,Gd,Ex,Fin,72,385000
5,1360,2,572,384,1360,1,1955,1,6,TA,TA,TA,Unf,50,130000
6,1425,2,576,1425,1425,2,1964,1,7,TA,TA,TA,RFn,0,180500
8,1739,2,480,970,983,2,1999,0,7,Gd,Gd,Gd,Fin,0,172500
7,1720,2,565,860,860,2,2004,0,7,Gd,Gd,Gd,RFn,70,196500
10,2945,3,641,1410,1426,3,2006,1,10,Gd,Ex,Ex,Fin,0,438780
5,780,1,352,780,780,1,1972,0,4,TA,TA,TA,Unf,0,124900
6,1158,2,576,1158,1158,1,2004,0,5,Gd,TA,Gd,Unf,50,158000
5,1111,1,288,530,581,1,1920,0,6,Fa,TA,TA,Unf,0,101000
8,1370,2,484,1370,1370,2,2006,1,6,Gd,Gd,Gd,RFn,49,202500
7,1710,2,480,576,902,2,1921,0,9,TA,TA,TA,Unf,11,140000
7,2034,2,645,1057,1057,2,1997,0,8,Gd,TA,Gd,RFn,36,219500
8,2473,3,852,1143,1143,2,2004,1,9,Gd,Gd,Ex,RFn,151,317000
7,2207,2,576,1947,2207,2,1970,1,7,TA,TA,Gd,RFn,0,180000
7,1479,2,558,1453,1479,2,2003,0,7,Gd,Gd,Gd,RFn,29,226000
4,747,1,220,747,747,1,1945,0,4,TA,TA,TA,Unf,0,80000
7,2287,2,667,1304,1304,2,1953,1,7,TA,Gd,TA,Fin,21,225000
7,2223,2,516,2223,2223,2,1973,2,8,TA,TA,Gd,Fin,0,244000
4,845,2,360,845,845,1,1982,0,4,TA,TA,TA,Unf,0,129500
7,1718,2,427,832,885,2,1998,1,7,TA,TA,Gd,Fin,94,185000
5,1086,2,490,1086,1086,1,1954,0,6,TA,TA,TA,Unf,0,144900
3,1605,1,379,840,840,2,1915,0,8,TA,Gd,Fa,Unf,0,107400
4,988,1,297,462,526,1,1973,0,5,TA,TA,Gd,Unf,101,91000
4,952,1,283,952,952,1,1956,0,4,TA,TA,TA,Unf,0,135750
5,1285,1,240,672,1072,1,1948,0,6,TA,TA,TA,Unf,0,127000
4,1768,0,0,1768,1768,2,1968,0,8,TA,TA,TA,,0,136500
5,1230,2,440,440,682,1,1910,0,5,TA,TA,TA,Unf,0,110000
6,2142,1,509,896,1182,2,1968,1,8,Gd,TA,Gd,Fin,72,193500
6,1337,2,405,1237,1337,2,1998,0,5,TA,TA,Ex,Fin,199,153500
8,1563,3,758,1563,1563,2,2007,1,6,Gd,TA,Gd,RFn,99,245000
5,1065,2,461,1065,1065,1,1960,0,6,TA,TA,TA,Unf,0,126500
7,1474,2,400,384,804,2,1995,1,7,TA,TA,Gd,Fin,72,168500
8,2417,2,462,1288,1301,2,1991,1,9,Gd,Gd,Gd,Unf,82,260000
6,1560,2,400,684,684,2,2005,1,6,Gd,Gd,Gd,Fin,38,174000
6,1224,2,528,612,612,2,2009,0,4,Gd,Gd,Gd,RFn,234,164500
3,1526,0,0,1013,1013,1,1915,0,6,Fa,Fa,TA,,0,85000
4,990,0,0,990,990,1,1994,0,5,TA,TA,Gd,,0,123600
4,1040,2,420,0,1040,1,1950,0,4,TA,TA,,Unf,29,109900
5,1235,2,480,1235,1235,1,1961,0,6,TA,TA,TA,Unf,0,98600
5,964,2,432,876,964,1,1921,0,5,TA,TA,Gd,Unf,0,163500
6,2291,2,506,1214,1260,2,1910,1,9,TA,TA,TA,Unf,0,133900
6,1786,2,684,824,905,2,1997,0,7,Gd,TA,Gd,RFn,162,204750
6,1470,2,420,680,680,2,1993,1,6,TA,Ex,Gd,Fin,63,185000
7,1588,2,472,1588,1588,2,1999,0,6,Gd,Gd,Gd,RFn,29,214000
4,960,1,432,960,960,1,1965,0,6,TA,TA,TA,Fin,0,94750
5,835,1,366,458,835,1,1920,0,5,TA,TA,TA,Unf,0,83000
4,1225,0,0,950,1225,1,1959,0,6,TA,TA,TA,,0,128950
6,1610,2,480,1610,1610,2,1977,2,6,Gd,TA,TA,RFn,68,205000
6,1732,2,476,741,977,2,1985,1,7,Gd,Gd,Gd,Fin,46,178000
5,1535,2,410,0,1535,2,1979,0,8,TA,TA,,Unf,0,118964
7,1226,3,740,1226,1226,2,2009,0,6,Gd,TA,Gd,RFn,36,198900
7,1818,1,240,1040,1226,1,1931,2,7,TA,TA,TA,Unf,0,169500
8,1992,2,648,1053,1053,2,2003,1,9,Gd,Gd,Ex,RFn,45,250000
4,1047,1,273,641,1047,1,1885,0,6,TA,TA,Fa,Unf,0,100000
5,789,1,250,789,789,1,1948,0,5,TA,TA,TA,Unf,0,115000
5,1517,0,0,793,997,2,1919,0,7,Fa,TA,TA,,0,115000
6,1844,2,546,1844,1844,2,1977,1,7,TA,TA,Gd,RFn,122,190000
6,1855,1,325,994,1216,2,1954,0,7,TA,TA,TA,Unf,0,136900
7,1430,2,400,384,774,2,2000,1,7,TA,TA,Gd,Fin,0,180000
7,2696,3,792,1264,1282,2,2007,1,10,Ex,Gd,Ex,Fin,184,383970
6,2259,2,450,1809,2259,2,1953,2,7,Gd,TA,Gd,Unf,120,217000
6,2320,1,180,1028,1436,2,1945,1,9,Gd,TA,TA,Unf,0,259500
6,1458,2,440,729,729,2,1999,1,5,TA,TA,Gd,Unf,32,176000
5,1092,1,288,1092,1092,1,1962,1,6,TA,TA,TA,Unf,20,139000
5,1125,2,430,1125,1125,1,2006,0,5,TA,TA,Gd,Unf,64,155000
7,3222,3,594,1673,1699,3,1990,2,11,Gd,TA,Gd,Unf,0,320000
6,1456,2,390,728,728,2,2005,1,8,Gd,Gd,Gd,Fin,24,163990
6,988,2,540,938,988,1,1969,2,4,TA,TA,TA,Unf,130,180000
4,1123,1,264,732,772,1,1939,0,4,TA,TA,TA,Unf,0,100000
6,1080,1,288,1080,1080,1,1958,0,5,TA,TA,TA,Unf,0,136000
6,1199,2,530,1199,1199,2,1993,0,5,Gd,Gd,Gd,RFn,63,153900
6,1586,2,435,1362,1586,2,1979,1,7,TA,TA,Gd,Unf,0,181000
6,754,0,0,520,520,1,1935,0,5,TA,TA,TA,,0,84500
6,958,2,440,1078,958,2,1976,1,5,TA,TA,Gd,RFn,205,128000
5,840,0,0,672,840,1,1930,1,5,TA,TA,TA,,0,87000
6,1348,2,453,660,660,1,1966,1,6,TA,TA,TA,RFn,108,155000
5,1053,2,750,1008,1053,1,1958,0,6,Ex,TA,TA,RFn,80,150000
7,2157,2,487,924,1216,2,1966,2,8,Gd,TA,TA,Fin,66,226000
6,2054,2,390,992,1022,2,2000,1,7,Gd,Gd,Gd,RFn,48,244000
5,1327,2,624,1063,1327,1,1959,0,7,Gd,TA,TA,Unf,0,150750
8,1296,2,471,1267,1296,2,2001,0,6,Gd,Gd,Ex,Fin,25,220000
5,1721,2,440,1461,1721,2,1968,1,7,TA,TA,TA,RFn,96,180000
7,1682,2,530,1304,1682,2,1970,1,7,TA,TA,TA,Unf,0,174000
5,1214,1,318,1214,1214,2,1967,1,5,TA,TA,TA,RFn,111,143000
7,1959,3,766,1907,1959,3,1988,0,9,TA,TA,TA,Unf,0,171000
8,1852,3,660,1004,1004,2,1999,2,7,Gd,Gd,Gd,Fin,106,230000
6,1764,2,470,928,928,2,1997,0,7,Gd,TA,Gd,RFn,99,231500
4,864,0,0,864,864,1,1971,1,5,TA,TA,TA,,0,115000
7,1734,2,660,1734,1734,2,2005,0,7,Gd,Gd,Gd,Fin,24,260000
5,1385,2,720,910,910,2,1952,0,6,TA,TA,TA,Unf,0,166000
7,1501,2,577,1490,1501,2,1999,0,6,Gd,Gd,Gd,RFn,29,204000
5,1728,2,504,1728,1728,2,1963,0,10,TA,TA,TA,Unf,0,125000
6,1709,2,380,970,970,2,2004,0,7,Gd,Gd,Gd,Unf,40,130000
5,875,1,180,715,875,1,1931,0,5,TA,TA,TA,Unf,0,105000
7,2035,2,434,884,884,2,2001,1,8,Gd,Gd,Gd,Fin,48,222500
7,1080,0,0,1080,1080,1,2004,0,6,Gd,TA,Gd,,0,141000
5,1344,1,240,896,896,1,1936,0,7,TA,TA,Gd,Unf,114,115000
5,969,2,440,969,969,1,1975,0,5,TA,TA,TA,Unf,0,122000
8,1710,3,866,1710,1710,2,2007,1,6,Gd,Gd,Ex,RFn,102,372402
6,1993,2,495,825,1097,2,1971,1,8,TA,TA,TA,RFn,66,190000
6,1252,2,564,1602,1252,1,1960,1,4,TA,TA,Gd,RFn,0,235000
6,1200,1,312,1200,1200,1,1923,0,7,TA,TA,TA,Unf,0,125000
6,1096,0,0,572,572,1,1924,0,5,TA,TA,TA,,8,79000
5,1040,2,625,0,1040,1,1950,0,5,TA,TA,,Unf,0,109500
8,1968,3,680,774,774,2,2009,1,8,Ex,Gd,Ex,Fin,75,269500
7,1947,2,678,991,991,2,2004,1,8,Gd,Gd,Gd,RFn,136,254900
7,2462,2,576,1392,1392,2,2005,1,9,Gd,Gd,Gd,RFn,132,320000
6,1232,2,516,1232,1232,2,1984,0,6,TA,TA,Gd,Unf,0,162500
9,2668,3,726,1572,1572,2,2003,2,10,Ex,Gd,Ex,Fin,0,412500
7,1541,2,532,1541,1541,2,2005,1,7,Gd,Gd,Gd,RFn,70,220000
4,882,0,0,882,882,1,1956,0,4,TA,TA,TA,,0,103200
6,1616,1,216,1149,1149,2,1926,0,5,Gd,TA,TA,Unf,0,152000
5,1355,0,0,644,808,2,1940,0,6,TA,TA,TA,,0,127500
5,1867,1,303,1617,1867,1,1955,3,7,TA,Gd,TA,Fin,0,190000
8,2161,3,789,1582,1610,1,2007,1,8,Ex,Gd,Ex,Fin,120,325624
7,1720,2,440,840,840,2,2004,1,7,Gd,Gd,Gd,Fin,48,183500
8,1707,2,511,1686,1707,2,1981,1,6,TA,Gd,Gd,RFn,64,228000
5,1382,2,660,720,854,1,1941,0,7,TA,TA,TA,Unf,0,128500
6,1656,2,528,1080,1656,1,1960,2,7,TA,TA,TA,Fin,62,215000
7,1767,2,504,1064,1064,2,1987,1,5,Gd,Gd,Gd,RFn,35,239000
6,1362,2,504,1362,1362,1,1961,1,6,TA,TA,TA,Unf,20,163000
6,1651,2,616,1606,1651,2,1986,1,7,TA,TA,Gd,Fin,0,184000
6,2158,2,576,1202,2158,2,1950,1,7,Gd,TA,TA,Unf,29,243000
6,2060,2,521,1151,1164,2,1988,1,8,TA,Gd,Gd,Unf,228,211000
5,1920,2,451,1052,1252,2,1958,1,8,Gd,Gd,TA,Unf,0,172500
9,2234,3,1166,2216,2234,2,2008,1,9,Ex,Ex,Ex,Fin,60,501837
5,968,2,480,968,968,1,1923,0,5,TA,Gd,TA,Unf,0,100000
6,1525,2,440,756,769,2,2000,1,5,Gd,Gd,Gd,Unf,0,177000
7,1802,1,216,793,901,1,1920,1,9,TA,TA,Fa,Unf,0,200100
5,1340,1,252,0,1340,1,1957,1,7,TA,TA,,RFn,0,120000
7,2082,2,484,1362,1362,2,2003,0,6,Gd,TA,Gd,Unf,238,200000
5,1252,2,576,504,936,1,1908,0,5,TA,TA,Fa,Unf,0,127000
10,3608,3,840,1107,1518,2,1892,2,12,Ex,Gd,TA,Unf,260,475000
7,1217,2,497,1188,1217,2,1990,0,6,Gd,TA,Gd,Unf,27,173000
5,1656,1,180,660,808,2,1916,0,8,TA,TA,Fa,Unf,0,135000
5,1224,2,528,1086,1224,0,1979,2,6,TA,TA,Gd,Unf,0,153337
8,1593,2,682,1593,1593,1,2001,1,5,Ex,Gd,Ex,Fin,120,286000
8,2727,2,440,853,1549,2,1932,2,10,Gd,Gd,Gd,Unf,74,315000
7,1479,2,484,725,725,1,1972,0,7,Gd,TA,TA,Fin,32,184000
7,1431,2,666,1431,1431,2,1999,0,6,Gd,Gd,Gd,Fin,35,192000
7,1709,2,380,970,970,2,2004,0,7,Gd,Gd,Gd,Unf,40,130000
5,864,1,352,864,864,1,1972,0,5,TA,TA,TA,Unf,0,127000
6,1456,2,440,855,855,2,1976,1,7,TA,TA,Gd,Unf,0,148500
7,1726,3,786,1726,1726,2,2007,1,8,Ex,Ex,Ex,Fin,138,311872
8,3112,2,795,1360,1360,2,1918,1,8,Gd,Gd,TA,Unf,16,235000
6,2229,0,0,755,929,1,1912,0,8,TA,TA,TA,,198,104000
8,1713,3,856,1713,1713,2,2004,1,7,Ex,Gd,Ex,Fin,26,274900
4,1121,2,440,1121,1121,2,2003,0,5,TA,TA,Gd,RFn,64,140000
6,1279,2,473,1196,1279,2,1977,2,6,TA,TA,TA,Unf,83,171500
6,1310,1,398,617,865,2,1924,0,6,TA,TA,Fa,Unf,0,112000
6,848,2,420,848,848,1,2004,1,3,Gd,Gd,Gd,RFn,0,149000
5,1284,1,240,720,720,1,1947,0,5,TA,TA,TA,Unf,35,110000
7,1442,2,500,1424,1442,2,1990,0,5,TA,TA,Gd,RFn,34,180500
5,1696,1,349,1140,1696,1,1962,1,8,TA,TA,TA,RFn,30,143900
4,1100,1,312,1100,1100,1,1960,1,6,TA,TA,TA,RFn,0,141000
7,2062,2,454,1157,1180,2,1988,1,7,TA,Gd,Gd,Fin,55,277000
6,1092,2,504,1092,1092,1,1964,0,6,TA,TA,Gd,RFn,0,145000
5,864,0,0,864,864,1,1925,0,5,TA,TA,TA,,0,98000
6,1212,2,460,1212,1212,2,2009,0,6,Gd,TA,Gd,RFn,22,186000
7,1852,2,644,900,932,2,2009,1,7,Gd,TA,Gd,RFn,108,252678
5,990,2,576,990,990,1,1995,0,5,TA,TA,Gd,Unf,0,156000
6,1392,1,299,689,689,1,1977,0,6,TA,TA,Gd,Fin,36,161750
5,1236,1,447,1070,1236,1,1957,1,6,Gd,TA,TA,Unf,0,134450
7,1436,2,484,1436,1436,2,2004,0,8,Gd,Gd,Gd,Unf,98,210000
4,1328,1,210,686,810,1,1925,0,8,TA,TA,TA,Unf,172,107000
7,1954,2,431,798,1137,1,1939,2,8,Gd,Gd,TA,Unf,119,311500
7,1248,2,438,1248,1248,2,2005,0,5,Gd,Gd,Gd,Fin,0,167240
7,1498,2,675,1498,1498,2,2006,0,5,Gd,Gd,Gd,RFn,33,204900
6,2267,2,390,1010,1010,2,2002,1,8,Gd,Gd,Gd,RFn,46,200000
6,1552,2,434,713,811,2,1975,1,6,TA,TA,Gd,RFn,208,179900
4,864,2,576,864,864,1,1971,0,4,TA,TA,TA,Unf,0,97000
10,2392,3,968,2392,2392,2,2003,1,8,Ex,Ex,Ex,Fin,105,386250
5,1302,1,280,630,630,2,1971,0,6,TA,TA,TA,Unf,0,112000
7,2520,3,721,1203,1214,2,1995,1,9,Gd,Gd,Gd,RFn,114,290000
6,987,1,280,483,483,1,1970,0,5,TA,TA,TA,Unf,0,106000
5,912,1,336,912,912,1,1967,1,5,TA,TA,TA,Unf,0,125000
7,1555,2,430,1373,1555,2,2005,1,7,Gd,Gd,Gd,Fin,20,192500
6,1194,1,312,1194,1194,1,1959,0,6,TA,TA,TA,RFn,0,148000
8,2794,3,810,1462,1490,2,1995,1,9,Ex,Gd,Gd,Fin,146,403000
6,987,1,288,483,483,1,1972,1,5,TA,TA,TA,Unf,0,94500
5,894,1,308,894,894,1,1976,0,5,TA,TA,TA,Unf,0,128200
6,1960,2,440,860,860,2,2002,2,8,Gd,Gd,Gd,Fin,48,216500
6,987,1,264,483,483,1,1971,0,5,TA,TA,TA,Unf,0,89500
7,1414,2,494,1414,1414,2,2004,0,6,Gd,Gd,Gd,RFn,105,185500
7,1744,2,457,996,1014,2,1993,0,7,Gd,Gd,Gd,RFn,70,194500
8,1694,3,818,1694,1694,2,2007,0,7,Gd,Ex,Ex,Fin,228,318000
6,1487,1,220,735,798,1,1945,1,7,TA,TA,TA,Unf,140,113000
8,1566,2,750,1566,1566,2,2008,0,7,Gd,Gd,Gd,RFn,168,262500
5,866,0,0,686,866,1,1945,0,4,Gd,TA,TA,,42,110500
5,1440,1,352,540,889,1,1900,0,6,TA,TA,TA,Unf,0,79000
6,1217,1,288,626,626,1,1980,1,6,TA,TA,Gd,RFn,28,120000
7,2110,2,463,948,1222,2,1994,2,8,Gd,Gd,Gd,RFn,130,205000
7,1872,2,604,1845,1872,2,1988,1,6,TA,TA,Gd,Fin,39,241500
6,1928,1,440,1020,908,2,1910,0,9,Fa,TA,Fa,Unf,60,137000
6,1375,2,451,1367,1375,1,1954,1,5,TA,TA,TA,Unf,30,140000
7,1668,2,500,840,840,2,2003,0,8,Gd,Gd,Gd,RFn,68,180000
6,2144,2,389,1444,1444,2,1958,2,7,Gd,Gd,Gd,Fin,98,277000
3,1306,0,0,728,1306,1,1940,0,6,Fa,TA,TA,,0,76500
8,1625,2,538,1573,1625,2,2006,1,5,Gd,Gd,Gd,Fin,0,235000
6,1640,2,520,798,798,2,2004,0,6,Gd,Gd,Gd,RFn,45,173000
6,1302,1,309,1302,1302,2,1964,0,7,Gd,TA,Gd,RFn,0,158000
5,1314,1,294,1314,1314,1,1957,0,5,TA,TA,TA,RFn,0,145000
7,2291,2,429,975,1005,2,1999,1,8,Gd,Gd,Gd,Fin,0,230000
6,1728,2,673,864,864,2,2003,0,7,Gd,Gd,Gd,RFn,56,207500
7,1604,2,660,1604,1604,2,2006,1,8,Gd,Gd,Gd,RFn,110,220000
7,1792,2,564,963,963,2,2001,1,7,Gd,Gd,Gd,RFn,96,231500
5,882,1,308,0,882,1,1956,0,4,TA,TA,,Unf,45,97000
6,1382,2,884,1362,1382,1,1962,1,6,TA,TA,TA,Unf,0,176000
8,2574,3,868,1482,1482,2,2007,1,10,Ex,Gd,Ex,Fin,148,276000
6,1212,2,492,506,1212,1,1977,1,6,TA,TA,Gd,Unf,12,151000
5,1316,2,484,926,926,1,1929,0,6,TA,TA,TA,Unf,0,130000
5,764,2,504,680,764,1,1925,0,4,TA,TA,Fa,Unf,0,73000
6,1422,2,576,1422,1422,2,1981,1,7,Gd,TA,Gd,Fin,0,175500
6,1511,2,413,802,802,2,1997,1,8,TA,TA,Gd,Fin,75,185000
5,2192,1,240,720,1052,2,1939,1,8,Gd,TA,TA,Unf,24,179500
5,778,1,924,740,778,1,1940,1,4,TA,TA,TA,Fin,25,120500
6,1113,1,504,1143,1113,1,1976,1,6,TA,TA,TA,RFn,30,148000
8,1939,3,1053,1095,1095,2,2006,1,8,Gd,Gd,Gd,RFn,51,266000
7,1363,2,439,1385,1363,1,1954,2,5,TA,TA,Gd,Unf,0,241500
8,2270,3,671,1152,1164,2,1999,1,9,Gd,Gd,Gd,Fin,57,290000
6,1632,1,338,1240,1632,2,1958,1,6,TA,TA,TA,RFn,0,139000
5,816,1,264,816,816,1,1982,0,5,TA,TA,TA,Unf,0,124500
7,1548,2,672,952,952,2,1925,0,5,Ex,Gd,TA,Unf,0,205000
7,1560,2,573,1560,1560,2,2003,0,7,Gd,Gd,Ex,Fin,150,201000
4,864,2,400,864,864,1,1951,0,4,TA,TA,TA,Unf,0,141000
9,2121,3,732,2121,2121,2,2006,1,8,Ex,Ex,Ex,Fin,98,415298
7,2022,2,505,1160,1156,2,1977,1,8,TA,TA,Gd,Fin,117,192000
7,1982,2,575,807,1175,2,1989,1,7,Gd,Gd,Gd,Fin,84,228500
6,1262,2,572,1262,1262,2,2006,0,5,Gd,Gd,Gd,Fin,120,185000
7,1314,2,626,1314,1314,2,2007,1,6,Gd,Gd,Gd,RFn,62,207500
8,1468,3,898,1468,1468,2,2008,1,6,Gd,Gd,Gd,Fin,150,244600
6,1575,2,529,1575,1575,2,1992,0,5,Gd,Gd,Gd,RFn,0,179200
7,1250,2,528,625,625,2,2006,0,5,Gd,Gd,Gd,RFn,54,164700
6,1734,2,440,912,1085,1,1962,1,7,Gd,TA,TA,RFn,0,159000
4,858,0,0,858,858,1,1971,0,5,TA,TA,TA,,0,88000
5,900,1,280,882,900,1,1967,0,5,TA,TA,TA,Unf,0,122000
6,1396,1,384,698,698,1,1915,0,7,TA,TA,TA,Unf,0,153575
8,1919,2,685,1079,1079,2,2006,1,8,Gd,Gd,Gd,RFn,51,233230
5,1716,0,0,780,936,2,1912,0,9,Fa,TA,TA,,184,135900
5,1716,1,281,768,1148,1,1949,1,8,TA,TA,TA,Unf,0,131000
7,2263,2,539,795,1468,2,1977,1,9,Gd,TA,TA,Fin,250,235000
6,1644,2,418,1416,1644,1,1953,2,7,TA,TA,TA,Fin,0,167000
6,1003,2,588,1003,1003,1,1984,0,6,TA,TA,TA,Unf,0,142500
5,1558,1,282,910,910,1,1950,0,6,TA,TA,TA,Unf,0,152000
7,1950,2,576,975,975,2,1997,1,7,Gd,Gd,Gd,RFn,10,239000
6,1743,2,539,702,1041,1,1968,1,7,TA,Gd,TA,Unf,0,175000
6,1152,1,300,1092,1152,1,1950,1,6,Gd,TA,TA,Unf,36,158500
5,1336,1,375,1165,1336,1,1953,2,5,TA,TA,TA,Unf,0,157000
8,2452,2,683,1028,1210,2,1998,1,9,Gd,Gd,Gd,Fin,50,267000
7,1541,3,843,1541,1541,2,2001,1,6,Gd,Gd,Gd,RFn,81,205000
5,894,2,552,894,894,1,1972,0,5,TA,TA,TA,Unf,0,149900
7,3493,3,870,1470,1675,3,1880,1,10,Gd,TA,TA,Unf,0,295000
8,2000,3,888,2000,2000,2,2004,0,8,Gd,Gd,Gd,Fin,0,305900
7,2243,3,746,700,1122,2,1990,1,8,Gd,Gd,Gd,RFn,44,225000
6,1406,0,0,319,1035,1,1920,0,6,Fa,TA,TA,,144,89500
4,861,2,539,861,861,1,1940,0,4,TA,TA,TA,Unf,0,82500
9,1944,3,708,1896,1944,2,2003,3,8,Ex,Gd,Ex,Fin,175,360000
6,1501,2,420,697,697,2,1993,1,6,Gd,TA,Gd,Fin,63,165600
6,972,1,240,972,972,1,1948,1,5,TA,TA,TA,Unf,0,132000
5,1118,2,410,793,793,1,1939,1,5,TA,TA,Gd,Unf,0,119900
7,2036,2,513,2136,2036,2,1965,2,8,TA,TA,Gd,RFn,0,375000
7,1641,2,546,728,832,1,1925,1,6,Ex,TA,TA,Unf,0,178000
7,1432,2,432,716,716,2,2004,1,6,Gd,Gd,Gd,Fin,51,188500
7,2353,2,484,845,1153,2,1980,1,10,Ex,Gd,Gd,RFn,195,260000
8,1959,3,1025,1088,1088,2,2006,1,8,Gd,Gd,Gd,RFn,46,270000
7,2646,3,656,1347,1372,2,1993,1,9,Gd,Gd,Gd,RFn,60,260000
7,1472,2,588,1372,1472,2,1980,2,6,TA,TA,Gd,Unf,48,187500
9,2596,3,840,1249,1249,3,2006,0,9,Gd,TA,Ex,RFn,154,342643
8,2468,3,872,1136,1136,2,2004,1,10,Gd,Gd,Ex,Fin,154,354000
7,2730,2,576,1502,1553,2,1986,1,8,Gd,Gd,TA,Fin,96,301000
3,1163,1,220,1162,1163,1,1955,0,6,TA,TA,TA,Unf,98,126175
7,2978,2,564,710,1898,2,1967,1,11,Gd,Gd,Gd,Fin,0,242000
5,803,2,360,720,803,1,1941,0,5,TA,TA,TA,Unf,0,87000
8,1719,2,473,1719,1719,1,1993,2,6,Gd,Gd,Gd,Fin,30,324000
6,1383,1,292,1383,1383,1,1960,0,7,TA,TA,TA,RFn,45,145250
6,2134,2,441,844,1445,2,1916,0,10,Gd,TA,TA,Unf,60,214500
5,1192,1,189,596,596,1,1920,0,6,TA,TA,TA,Unf,0,78000
5,1728,1,352,1728,1728,2,1964,0,10,TA,TA,TA,Unf,0,119000
5,1056,1,308,1056,1056,1,1958,0,6,TA,TA,TA,RFn,0,139000
8,1629,3,880,3206,1629,2,2003,1,7,Gd,Gd,Gd,RFn,0,284000
7,1358,2,484,1358,1358,2,2004,1,6,Gd,Gd,Gd,RFn,30,207000
6,1638,2,472,943,943,2,1998,2,7,TA,TA,Gd,Fin,38,192000
5,1786,2,529,1499,1619,2,1965,2,7,TA,TA,TA,Fin,0,228950
9,1922,3,676,1922,1922,2,2005,1,8,Gd,Gd,Ex,Fin,51,377426
7,1536,2,532,1536,1536,2,2002,0,7,Gd,Gd,Gd,RFn,74,214000
7,1621,2,440,1208,1621,2,1984,0,8,Gd,Gd,Gd,RFn,45,202500
6,1215,1,297,1215,1215,1,1958,0,6,TA,TA,TA,Unf,0,155000
8,1908,2,431,967,993,2,2002,0,9,Gd,Gd,Gd,Fin,0,202900
4,841,1,294,721,841,1,1950,0,4,TA,Fa,TA,Unf,0,82000
3,1040,2,400,0,1040,2,1949,0,6,TA,TA,,Unf,0,87500
9,1684,2,564,1684,1684,2,2005,1,6,Ex,Ex,Ex,RFn,72,266000
5,1112,1,336,536,536,1,1976,0,4,TA,TA,Gd,Unf,0,85000
6,1577,1,312,972,972,1,1939,1,6,Fa,TA,TA,Unf,0,140200
6,958,1,301,958,958,1,1960,0,5,TA,TA,TA,RFn,0,151500
6,1478,2,498,1478,1478,2,1960,2,6,TA,TA,TA,Unf,40,157500
7,1626,2,474,764,764,2,2003,0,6,Gd,Gd,Gd,RFn,27,154000
9,2728,3,706,1848,1848,2,2005,2,10,Ex,Ex,Ex,Fin,0,437154
9,1869,2,617,1869,1869,2,2007,1,6,Ex,Ex,Ex,RFn,54,318061
7,1453,2,445,1453,1453,1,1986,1,6,Gd,TA,Gd,RFn,80,190000
5,1111,1,200,616,616,1,1941,0,5,TA,TA,TA,Unf,0,95000
6,720,2,484,624,720,1,1928,0,5,TA,TA,TA,Unf,0,105900
6,1595,1,240,940,1192,1,1940,2,6,TA,TA,TA,Unf,0,140000
6,1200,2,521,1200,1200,2,1995,0,6,Gd,Gd,Gd,RFn,26,177500
6,1167,2,400,1158,1167,2,1992,0,6,Gd,TA,Gd,RFn,26,173000
5,1142,2,528,1142,1142,1,1976,1,6,TA,TA,Gd,Fin,90,134000
5,1352,1,288,1062,1352,1,1958,0,6,Gd,TA,TA,Unf,0,130000
8,1924,2,592,1086,1086,2,1998,1,7,Gd,Gd,Gd,RFn,75,280000
6,912,2,470,888,912,1,1978,1,5,TA,TA,Gd,RFn,0,156000
5,1505,1,240,883,988,1,1940,0,8,TA,TA,TA,Unf,0,145000
7,1922,2,672,0,495,3,2003,1,7,Gd,Gd,,RFn,0,198500
6,987,1,264,483,483,1,1972,0,5,Gd,TA,TA,Unf,0,118000
6,1574,2,566,796,790,2,1976,1,6,TA,TA,Gd,Fin,111,190000
5,1344,1,468,672,672,1,1920,0,6,TA,TA,TA,Unf,128,147000
6,1394,2,514,1394,1394,1,1963,2,6,TA,TA,Gd,RFn,76,159000
6,1431,1,296,1099,1431,1,1962,1,6,TA,TA,Gd,RFn,110,165000
5,1268,1,244,1268,1268,1,1954,1,7,TA,TA,TA,Fin,98,132000
5,1287,2,576,1063,1287,1,1959,1,7,Gd,TA,TA,Fin,17,162000
6,1664,2,460,953,953,2,2000,1,7,TA,TA,Gd,RFn,40,172400
4,1588,2,680,0,1120,2,1959,1,7,TA,TA,,Fin,59,134432
6,752,1,264,744,752,1,1984,0,4,TA,TA,Gd,Unf,0,125000
5,1319,1,270,608,1319,1,1953,0,5,TA,TA,TA,Unf,0,123000
7,1928,2,434,847,847,2,2003,1,8,Gd,Gd,Gd,Fin,48,219500
1,904,0,0,683,904,0,1922,0,4,Fa,Fa,Fa,,0,61000
5,914,2,576,870,914,1,1996,0,5,TA,Gd,Gd,Unf,0,148000
8,2466,2,610,1580,1580,3,2004,1,8,Gd,Gd,Gd,RFn,214,340000
9,1856,3,834,1856,1856,1,2010,1,8,Ex,Gd,Ex,Fin,0,394432
6,1800,2,463,982,1007,2,2000,1,7,TA,TA,Gd,Fin,63,179000
5,1691,1,308,1026,1026,2,1924,1,6,Gd,TA,TA,Unf,0,127000
7,1301,2,572,1293,1301,2,2006,1,5,Gd,Gd,Gd,RFn,121,187750
7,1797,2,639,939,939,2,2006,0,8,Gd,Gd,Gd,RFn,53,213500
6,784,2,360,784,784,1,1928,0,5,TA,TA,Fa,Unf,0,76000
6,1953,2,501,1580,1079,2,1992,2,9,Gd,Gd,Gd,Fin,231,240000
8,1269,2,430,1256,1269,2,2004,1,6,Gd,Gd,Gd,Fin,20,192000
5,1184,0,0,658,658,1,1910,0,8,TA,TA,TA,,151,81000
6,1125,1,352,1041,1125,1,1976,1,6,TA,TA,TA,Unf,0,125000
7,1479,2,577,1468,1479,2,1999,0,6,Gd,Gd,Gd,RFn,25,191000
10,2332,3,846,1682,1742,2,2007,1,9,Ex,Ex,Ex,Fin,134,426000
5,1367,1,384,861,961,1,1900,0,7,TA,TA,TA,Unf,130,119000
6,1961,2,560,804,804,2,2001,1,7,Gd,TA,Ex,Fin,192,215000
5,882,1,294,0,882,1,1959,0,5,TA,TA,,RFn,0,106500
4,788,0,0,788,788,1,1941,2,4,TA,TA,TA,,0,100000
5,1034,1,240,735,735,1,1940,0,5,TA,TA,TA,Unf,39,109000
5,1144,1,596,1144,1144,1,1956,0,6,TA,TA,TA,Unf,0,129000
5,894,2,600,894,894,1,1972,0,6,TA,TA,TA,RFn,0,123000
5,1812,1,264,864,876,2,1962,1,8,TA,TA,TA,RFn,168,169500
5,1077,1,338,961,1077,1,1920,0,6,TA,TA,Fa,Unf,0,67000
7,1550,2,438,1092,1112,2,2006,0,7,Gd,Gd,Gd,Fin,168,241000
8,1288,2,500,1260,1288,1,1996,2,4,Ex,Gd,Gd,Fin,30,245500
7,1310,2,400,1310,1310,2,2005,1,6,Gd,Gd,Gd,Fin,0,164990
5,672,1,240,672,672,1,1940,0,4,TA,TA,TA,Unf,0,108000
8,2263,2,420,1141,1165,2,1998,1,10,Gd,Gd,Gd,Fin,123,258000
6,1572,2,373,806,806,2,1995,1,7,TA,TA,Gd,Fin,40,168000
4,1620,2,490,1281,1620,2,1976,1,8,TA,TA,TA,Unf,78,150000
6,1639,1,240,1064,1166,1,1936,0,6,TA,TA,TA,Unf,0,115000
6,1680,1,308,840,840,2,1915,0,8,TA,TA,Gd,Unf,0,177000
7,2172,3,947,1063,1071,2,2006,1,9,Gd,Gd,Ex,RFn,62,280000
8,2078,3,836,1034,1050,2,2007,1,8,Ex,Gd,Ex,Fin,102,339750
5,1276,1,350,1276,1276,1,1958,0,5,TA,TA,TA,Unf,0,60000
5,1056,2,572,1056,1056,1,1955,0,5,TA,TA,TA,Fin,0,145000
7,1478,2,484,1470,1478,2,2009,1,7,Gd,Ex,Ex,Fin,144,222000
5,1028,2,360,1008,1028,1,1927,1,5,TA,TA,TA,Unf,0,115000
7,2097,3,678,1080,1080,2,1993,1,9,Gd,Gd,Gd,Unf,187,228000
7,1340,2,396,1340,1340,2,2007,0,6,Gd,Gd,Gd,Fin,30,181134
6,1400,2,440,672,672,1,1978,1,6,TA,TA,TA,Fin,0,149500
6,2624,3,864,1370,1370,2,1918,1,10,TA,TA,Gd,Unf,0,239000
5,1134,1,240,756,756,1,1940,0,7,TA,TA,TA,Unf,0,126000
5,1056,1,304,1056,1056,1,1968,1,6,TA,TA,TA,Unf,85,142000
7,1344,4,784,1344,1344,2,1997,0,8,TA,TA,Gd,Fin,0,206300
6,1602,2,529,1602,1602,2,1977,1,8,Gd,Gd,Gd,Fin,0,215000
5,988,2,520,988,988,1,1954,0,4,TA,TA,TA,RFn,0,113000
8,2630,3,696,1470,1470,2,1998,1,8,Gd,Gd,Gd,Fin,66,315000
6,1196,1,297,1196,1196,1,1956,1,6,TA,TA,Gd,RFn,44,139000
7,1389,1,240,651,707,1,1946,2,6,TA,TA,TA,Unf,0,135000
7,1644,2,569,1518,1644,2,1989,1,5,Gd,Gd,Gd,Fin,0,275000
4,907,1,352,907,907,1,1957,0,5,TA,TA,TA,Unf,0,109008
7,1208,2,628,1208,1208,2,2007,0,6,Gd,Gd,Gd,RFn,54,195400
6,1412,2,576,1392,1412,2,1988,1,6,Gd,TA,Gd,Unf,0,175000
6,987,1,264,483,483,1,1971,0,4,TA,TA,TA,Unf,0,85400
6,1198,0,0,901,1088,1,1920,0,7,TA,TA,TA,,98,79900
5,1365,2,440,765,765,1,1971,0,6,TA,TA,TA,Unf,36,122500
6,1604,2,470,926,926,2,1997,1,7,TA,TA,Gd,Fin,36,181000
4,630,0,0,630,630,1,1972,0,3,TA,TA,Gd,,0,81000
7,1661,2,550,799,827,2,1996,1,6,Gd,Gd,Gd,RFn,61,212000
6,1118,2,440,648,734,1,1920,0,6,TA,TA,Fa,Unf,0,116000
6,904,1,180,884,904,1,1926,0,4,TA,Gd,TA,Unf,0,119000
5,694,1,352,440,694,1,1913,1,4,Gd,TA,TA,Unf,0,90350
6,1196,2,528,684,684,1,1920,0,7,Gd,TA,TA,Unf,46,110000
10,2402,3,672,3094,2402,2,2008,2,10,Ex,Ex,Ex,Fin,72,555000
4,1440,0,0,1440,1440,2,1955,0,8,Fa,TA,TA,,0,118000
5,1573,2,360,1078,1128,2,1930,1,8,TA,TA,TA,Unf,0,162900
7,1258,3,648,1258,1258,2,2006,1,6,Gd,Gd,Ex,Fin,16,172500
7,1908,2,493,915,933,2,1994,1,8,Gd,Gd,Gd,Unf,133,210000
6,1689,2,480,1436,1689,1,1956,1,7,TA,TA,TA,Unf,0,127500
6,1888,2,578,1517,1888,2,1966,1,6,Gd,Gd,TA,Fin,0,190000
7,1886,2,431,930,956,2,1998,1,10,Gd,Gd,Gd,Fin,0,199900
6,1376,1,198,780,780,2,1937,1,7,TA,TA,TA,Unf,0,119500
3,1183,1,308,649,679,1,1948,0,6,TA,TA,TA,Unf,176,120000
6,813,1,270,813,813,1,1930,0,5,Gd,TA,TA,Unf,113,110000
7,1533,2,576,1533,1533,2,1975,2,5,Gd,TA,Gd,Unf,54,280000
6,1756,2,422,872,888,2,1996,0,7,TA,Gd,Ex,Fin,122,204000
8,1590,2,676,768,786,2,2008,0,6,Gd,Gd,Gd,RFn,30,210000
5,1728,2,560,1728,1728,2,1976,0,8,TA,TA,TA,Unf,0,188000
7,1242,2,528,1242,1242,1,1973,1,6,TA,TA,TA,Unf,0,175500
5,1344,3,513,624,624,1,1916,0,7,TA,TA,TA,Unf,0,98000
4,1663,2,529,1364,1663,1,1954,2,6,Gd,TA,Gd,Fin,137,256000
8,1666,1,228,588,833,1,1925,1,7,Gd,TA,TA,Unf,63,161000
5,1203,1,352,709,979,1,1950,1,5,Gd,TA,TA,Unf,0,110000
8,1935,2,552,832,832,2,2009,0,8,TA,Gd,Gd,Fin,150,263435
7,1135,2,576,560,575,1,1936,0,6,Gd,Gd,Gd,RFn,0,155000
5,864,1,360,864,864,1,1965,1,5,TA,TA,TA,Unf,0,62383
6,1660,1,240,715,849,1,1934,1,6,TA,TA,TA,Unf,0,188700
5,1040,0,0,1040,1040,2,1978,0,5,TA,TA,Gd,,0,124000
7,1414,2,398,1375,1414,2,2004,1,6,Gd,Gd,Gd,Fin,20,178740
7,1277,2,526,1277,1277,1,1970,1,5,TA,TA,TA,Unf,0,167000
5,1644,1,312,728,888,1,1942,2,7,Gd,TA,TA,Unf,0,146500
8,1634,3,866,1626,1634,2,2006,1,7,Gd,Gd,Gd,RFn,44,250000
6,1710,2,506,832,832,2,1993,0,7,Gd,Gd,Gd,RFn,70,187000
8,1502,2,528,1488,1502,1,1985,0,4,Gd,Gd,Gd,RFn,54,212000
7,1969,2,534,808,1161,2,1977,1,8,TA,TA,Gd,RFn,0,190000
6,1072,2,525,547,1072,1,2005,0,5,TA,TA,Gd,RFn,28,148000
8,1976,3,908,1976,1976,2,2006,1,7,Gd,Gd,Ex,RFn,63,440000
8,1652,2,499,1494,1652,2,2000,0,6,Ex,Gd,Gd,RFn,48,251000
5,970,2,624,970,970,1,1963,0,5,TA,TA,TA,Unf,24,132500
6,1493,2,508,1478,1493,2,1997,1,7,Gd,TA,Gd,Fin,39,208900
9,2643,3,694,2153,2069,2,2006,1,9,Ex,Ex,Gd,Fin,84,380000
8,1718,3,826,1705,1718,2,2007,1,7,Gd,Gd,Ex,RFn,44,297000
4,1131,2,672,907,1131,1,1937,0,7,TA,TA,Fa,Unf,72,89471
9,1850,3,772,1833,1850,2,2004,1,8,Gd,Gd,Ex,Fin,112,326000
9,1792,3,874,1792,1792,2,2003,1,6,Ex,Gd,Ex,Fin,49,374000
7,1826,1,164,910,916,1,1915,1,7,Ex,Gd,TA,Unf,0,155000
6,1216,2,402,1216,1216,2,1998,0,5,TA,TA,Ex,Unf,125,164000
5,999,1,264,999,999,1,1962,0,6,Gd,TA,TA,Unf,132,132500
5,1113,1,264,1113,1113,1,1950,1,5,Gd,Gd,TA,Unf,80,147000
5,1073,2,515,1073,1073,1,1965,0,6,TA,TA,TA,RFn,0,156000
5,1484,2,487,1484,1484,2,1971,1,7,TA,TA,Gd,Unf,0,175000
5,2414,2,520,954,1766,2,1900,1,10,TA,TA,TA,Unf,0,160000
4,630,1,286,630,630,1,1970,0,3,Gd,TA,Gd,Unf,0,86000
5,1304,1,336,264,616,1,1976,1,4,TA,TA,Gd,Fin,24,115000
6,1578,1,240,806,958,1,1941,2,5,Fa,TA,TA,Unf,0,133000
6,1456,2,429,728,728,2,2006,0,8,TA,Gd,Gd,RFn,0,172785
5,1269,1,308,1269,1269,1,1960,1,6,TA,TA,TA,Unf,0,155000
5,886,1,273,190,886,1,1938,0,4,TA,TA,Fa,Unf,20,91300
4,720,0,0,720,720,1,1920,0,4,TA,TA,TA,,523,34900
8,3228,2,546,3200,3228,3,1992,1,10,Gd,Gd,Gd,RFn,75,430000
7,1820,1,240,1026,1133,2,1925,0,8,TA,TA,TA,Unf,100,184000
5,899,1,288,864,899,1,1967,0,5,Gd,TA,TA,Fin,0,130000
5,912,1,297,912,912,1,1958,0,5,TA,TA,TA,Fin,285,120000
6,1218,1,264,672,672,1,1973,0,7,TA,TA,TA,Unf,28,113000
7,1768,2,603,866,866,2,2005,0,7,Gd,Gd,Gd,RFn,108,226700
5,1214,2,461,1214,1214,1,1965,0,6,TA,TA,TA,Unf,0,140000
7,1801,2,484,1501,1801,2,1959,2,6,TA,TA,TA,Fin,54,289000
6,1322,2,440,855,855,2,1974,1,6,TA,TA,TA,Unf,0,147000
5,1960,2,400,960,960,2,1952,0,10,TA,TA,TA,Unf,0,124500
8,1911,2,471,777,1065,2,1993,1,8,Gd,Gd,Gd,RFn,81,215000
6,1218,2,676,1218,1218,2,2009,0,4,Gd,Gd,Gd,Fin,102,208300
7,1378,2,360,689,689,2,1928,1,7,Gd,TA,TA,Unf,0,161000
5,1041,1,270,1041,1041,1,1959,0,6,TA,TA,TA,RFn,88,124500
5,1363,1,288,1008,1363,1,1951,2,6,TA,Gd,TA,Unf,42,164900
7,1368,2,474,1368,1368,2,2005,1,6,Gd,Gd,Gd,RFn,35,202665
5,864,2,624,864,864,1,1958,0,5,TA,TA,TA,Unf,0,129900
6,1080,2,484,1084,1080,1,1983,0,5,TA,TA,TA,Unf,0,134000
5,789,1,200,768,789,1,1926,0,5,TA,TA,TA,Unf,0,96500
10,2020,3,900,2006,2020,2,2009,1,9,Ex,Ex,Ex,Fin,54,402861
6,2119,2,583,689,1378,2,1972,1,7,TA,TA,TA,RFn,104,158000
7,2344,3,889,1264,1277,2,1996,1,7,Gd,Gd,Gd,RFn,0,265000
6,1796,2,546,794,882,2,1998,0,7,TA,TA,Gd,RFn,36,211000
7,2080,1,282,1276,1276,1,1926,2,9,Gd,Gd,Gd,Unf,0,234000
4,1294,0,0,0,694,2,1900,0,7,TA,TA,,,114,106250
6,1244,1,336,1244,1244,1,1957,2,6,TA,TA,TA,Unf,40,150000
6,1664,2,420,1004,1004,2,1947,2,7,TA,TA,TA,Unf,24,159000
10,4676,3,884,3138,3138,3,2007,1,11,Ex,Ex,Ex,Fin,406,184750
7,2398,3,834,1379,1383,2,1996,1,8,Gd,Gd,Gd,Fin,60,315750
7,1266,2,453,1257,1266,2,2005,1,6,Gd,Gd,Gd,Unf,144,176000
5,928,1,252,928,928,1,1956,0,4,TA,TA,Gd,Unf,0,132000
9,2713,3,858,1452,1476,2,2008,1,11,Ex,Ex,Ex,Fin,66,446261
4,605,0,0,528,605,1,1920,0,5,TA,TA,TA,,0,86000
6,2515,2,484,2035,2515,3,1957,2,9,TA,Gd,TA,RFn,0,200624
6,1509,2,600,1461,1509,2,1988,1,5,Gd,Gd,Gd,RFn,0,175000
6,1362,2,502,611,751,2,1920,0,6,TA,TA,Fa,Fin,0,128000
5,827,1,392,0,827,1,1955,1,5,TA,TA,,Unf,0,107500
1,334,0,0,0,334,1,1946,0,2,Fa,Fa,,,0,39300
8,1414,2,403,707,707,2,2004,1,6,Gd,Gd,Ex,Fin,35,178000
5,1347,0,0,1117,820,1,1910,0,5,TA,TA,Gd,,0,107500
7,1724,2,527,880,880,2,1998,0,8,Gd,TA,Gd,Fin,155,188000
4,864,2,576,864,864,1,1972,0,5,TA,TA,TA,Unf,0,111250
5,1159,1,336,1051,1159,1,1968,1,7,TA,TA,TA,Unf,0,158000
8,1601,2,670,1581,1601,2,2001,1,6,Gd,Gd,Gd,RFn,0,272000
9,1838,3,765,1838,1838,2,2006,1,8,Ex,Ex,Ex,Fin,68,315000
8,2285,3,648,969,997,2,2000,1,8,Gd,Gd,Gd,Fin,56,248000
7,1680,2,583,1650,1680,2,1998,1,7,Gd,Gd,Ex,Fin,73,213250
7,767,1,367,723,767,1,1998,0,4,TA,TA,Gd,Fin,40,133000
7,1496,2,426,654,664,2,2006,1,7,Gd,Gd,Gd,RFn,24,179665
7,2183,3,786,1204,1377,2,1988,0,9,Gd,Gd,Gd,Unf,0,229000
6,1635,2,440,1065,915,1,1923,1,6,TA,TA,Gd,Unf,38,210000
5,768,2,624,768,768,1,1970,0,5,TA,TA,Gd,Unf,0,129500
5,825,2,720,825,825,1,1955,0,4,TA,TA,TA,RFn,50,125000
7,2094,2,615,912,912,2,2003,1,8,Gd,Gd,Gd,Fin,182,263000
6,1069,2,440,1069,1069,2,1977,0,4,TA,TA,Gd,RFn,55,140000
5,928,1,288,928,928,1,1957,0,5,TA,TA,TA,Fin,0,112500
8,1717,3,908,1709,1717,2,2006,1,7,Gd,Gd,Ex,RFn,39,255500
4,1126,2,520,0,1126,2,1949,0,5,Gd,TA,,Fin,96,108000
7,2046,3,871,998,1006,2,2003,1,8,Gd,Gd,Gd,RFn,62,284000
5,1048,1,280,993,1048,1,1922,1,5,TA,TA,TA,Unf,0,113000
5,1092,1,299,1092,1092,1,1957,1,6,TA,TA,TA,Fin,0,141000
4,1336,1,570,637,897,1,1920,0,7,TA,TA,TA,Unf,47,108000
7,1446,2,406,729,729,2,1996,1,6,TA,TA,Gd,Unf,22,175000
7,1557,2,420,1374,1557,2,2003,1,7,Gd,Gd,Gd,Fin,20,234000
5,1392,2,528,1392,1392,1,1957,1,5,TA,TA,Gd,Unf,0,121500
5,1389,2,418,1389,1389,1,1974,1,6,TA,TA,Gd,RFn,38,170000
5,996,0,0,996,996,1,1940,1,6,TA,TA,TA,,0,108000
6,1674,2,396,1163,1163,2,1918,1,8,TA,TA,Gd,Fin,36,185000
7,2295,2,590,1095,1166,2,1992,1,9,Gd,Gd,Gd,RFn,40,268000
6,1647,1,216,806,841,1,1915,0,6,Fa,TA,Gd,Unf,66,128000
9,2504,3,656,1122,1134,2,2005,1,11,Ex,Gd,Gd,Fin,39,325000
7,1535,2,532,1517,1535,2,2004,0,7,Gd,Gd,Gd,RFn,0,214000
8,2132,2,612,1496,1496,1,1983,1,5,Gd,Gd,Gd,Fin,40,316600
5,943,2,600,943,943,1,1979,2,4,TA,TA,Gd,Unf,0,135960
5,1728,2,576,1728,1728,2,1965,0,10,TA,TA,TA,Unf,0,142600
6,864,1,288,864,864,1,1959,0,4,Gd,TA,TA,Unf,0,120000
7,1692,2,650,846,846,2,2009,0,6,Gd,TA,Ex,RFn,114,224500
7,1430,2,400,384,774,2,2000,1,8,TA,TA,Gd,RFn,0,170000
5,1109,1,288,372,576,1,1971,0,5,TA,TA,TA,Unf,0,139000
5,1216,1,336,832,832,1,1947,0,6,TA,TA,TA,Unf,0,118500
7,1477,1,216,861,877,2,1928,1,6,TA,TA,TA,Unf,50,145000
5,1320,2,564,1164,1320,1,1966,2,6,TA,TA,TA,RFn,68,164500
7,1392,2,540,689,703,2,2007,0,5,Gd,Gd,Gd,Unf,102,146000
5,1795,1,352,1050,1050,2,1954,0,7,TA,TA,TA,Unf,0,131500
6,1429,2,572,1144,1429,1,1960,2,7,Gd,TA,TA,Unf,110,181900
8,2042,3,1390,2042,2042,2,2008,1,8,Ex,Ex,Ex,RFn,90,253293
6,816,0,0,816,816,1,1990,0,5,TA,TA,Gd,,32,118500
10,2775,2,880,1237,1521,3,1893,1,9,Gd,Ex,TA,Unf,502,325000
4,1573,1,240,884,989,1,1935,0,6,Gd,TA,TA,Unf,0,133000
8,2028,3,880,1868,2028,2,2005,2,7,Gd,Gd,Ex,RFn,66,369900
6,838,1,275,816,838,1,1918,0,5,Fa,TA,TA,Fin,0,130000
5,860,2,528,840,860,1,1982,0,4,TA,TA,TA,Unf,0,137000
5,1473,1,452,1437,1473,1,1968,2,5,Ex,TA,TA,Unf,48,143000
5,935,1,308,742,779,1,1930,0,4,TA,TA,TA,Unf,0,79500
7,1582,2,520,770,770,2,2004,0,6,Gd,Gd,Gd,RFn,45,185900
10,2296,3,842,1722,1728,2,2008,1,10,Ex,Ex,Ex,RFn,274,451950
5,816,2,816,816,816,1,1982,0,4,TA,TA,TA,Fin,0,138000
6,848,2,420,848,848,1,2003,0,4,Gd,Gd,Gd,Fin,0,140000
5,924,1,280,924,924,1,1975,0,5,TA,TA,Gd,Unf,0,110000
8,1826,3,758,1814,1826,2,2005,1,7,Gd,Gd,Gd,Fin,75,319000
6,1368,1,216,684,684,1,1910,0,7,TA,TA,TA,Unf,158,114504
7,1402,3,648,1258,1402,0,2006,1,7,Gd,Gd,Ex,Fin,16,194201
5,1647,2,621,1430,1647,2,1977,1,7,Gd,TA,Gd,Fin,0,217500
6,1556,2,452,716,716,2,1980,1,6,TA,TA,Gd,Fin,0,151000
8,1904,2,736,1058,1058,2,2005,1,8,Ex,Gd,Gd,Fin,60,275000
6,1375,1,544,780,780,1,1937,1,6,Gd,TA,TA,Unf,162,141000
8,1915,2,506,908,927,2,1992,1,8,Gd,Gd,Gd,Fin,150,220000
7,1200,2,480,600,600,2,2004,0,4,Gd,Gd,Gd,RFn,172,151000
7,1494,2,530,1494,1494,2,2002,1,6,Gd,Gd,Gd,RFn,36,221000
7,1986,2,486,768,1186,2,1965,3,7,TA,TA,TA,Unf,42,205000
5,1040,2,576,1040,1040,1,1996,0,6,Gd,TA,Gd,Unf,0,152000
5,2008,1,230,896,1112,3,1948,0,8,Ex,TA,TA,Unf,0,225000
8,3194,2,380,965,1940,2,1934,2,10,TA,TA,Gd,Unf,0,359100
4,1029,1,261,1029,1029,1,1961,0,5,TA,TA,TA,Unf,0,118500
9,2153,3,736,1440,1476,2,2000,2,8,Ex,Gd,Ex,Fin,142,313000
6,1032,2,564,1032,1032,2,1978,1,6,TA,TA,Gd,Unf,0,148000
8,1872,2,531,1299,1299,2,2001,1,7,Ex,Gd,Gd,RFn,122,261500
5,1120,0,0,1120,1120,1,2007,0,6,TA,TA,Gd,,30,147000
4,630,0,0,630,630,1,1972,0,3,TA,TA,Gd,,24,75500
6,1054,2,480,936,1054,1,1963,0,6,Gd,TA,TA,RFn,0,137500
6,1509,2,393,783,807,2,2002,1,7,Gd,Gd,Gd,Fin,75,183200
6,832,2,528,832,832,1,1954,0,4,Gd,TA,TA,Unf,0,105500
9,1828,3,774,1822,1828,2,2007,1,9,Gd,Ex,Ex,Unf,108,314813
8,2262,3,749,1482,1482,2,2003,2,10,Gd,Gd,Gd,Fin,0,305000
3,864,0,0,864,864,1,1914,0,5,TA,TA,TA,,0,67000
6,2614,2,624,1522,1548,2,1974,1,9,TA,TA,TA,RFn,243,240000
5,980,2,484,980,980,1,1977,0,6,TA,TA,TA,Unf,0,135000
6,1512,2,440,756,756,2,2000,1,4,Gd,Gd,Gd,Unf,32,168500
6,1790,2,484,732,1012,1,1972,1,8,TA,TA,TA,RFn,0,165150
6,1116,2,440,1116,1116,1,1962,0,5,TA,TA,TA,Unf,0,160000
5,1422,1,286,978,1422,1,1960,1,6,TA,TA,TA,RFn,0,139900
6,1520,1,364,1156,1520,1,1955,2,7,TA,TA,TA,RFn,0,153000
5,2080,2,504,1040,1040,1,1969,2,9,Fa,TA,Gd,Unf,0,135000
6,1350,2,520,1248,1350,1,1964,0,6,TA,TA,TA,RFn,0,168500
5,1750,1,240,636,1089,1,1880,0,8,Ex,TA,Fa,Unf,0,124000
8,1554,2,627,1554,1554,2,2006,1,6,Gd,Gd,Gd,RFn,73,209500
7,1411,2,544,1386,1411,2,1977,1,6,TA,TA,TA,Fin,0,82500
5,1056,1,260,1056,1056,1,1954,0,6,TA,TA,TA,Unf,0,139400
6,1056,2,576,1056,1056,0,1980,0,4,TA,TA,TA,Unf,56,144000
6,3395,0,0,1440,1440,2,1914,0,14,Fa,Fa,TA,,110,200000
2,800,0,0,264,800,1,1936,1,4,Fa,Fa,TA,,0,60000
5,1387,1,256,811,811,2,1954,0,7,Gd,TA,TA,Unf,0,93000
5,796,0,0,796,796,1,1910,0,4,TA,TA,Fa,,0,85000
8,1567,3,648,1520,1567,2,2006,1,7,Ex,Gd,Gd,Fin,0,264561
8,1518,2,588,1518,1518,1,2003,1,6,Ex,Ex,Ex,RFn,140,274000
7,1929,2,650,1057,1057,2,2001,1,7,Gd,Gd,Gd,Fin,235,226000
8,2704,2,538,1952,2000,2,1972,3,9,Ex,Gd,Gd,Fin,111,345000
5,1620,2,462,780,780,2,1969,0,7,TA,TA,TA,Fin,0,152000
9,1766,3,478,1766,1766,2,2009,1,7,Ex,Ex,Ex,Fin,130,370878
6,981,2,576,981,981,1,1971,0,5,TA,TA,TA,Unf,312,143250
5,1048,2,420,0,1048,1,1950,0,7,TA,TA,,Unf,27,98300
6,1094,2,495,1094,1094,1,1953,2,5,TA,TA,TA,RFn,0,155000
6,1839,2,442,756,1051,1,1966,1,7,TA,TA,TA,Unf,124,155000
4,630,0,0,630,630,1,1970,0,3,TA,TA,Gd,,0,84500
7,1665,2,562,813,822,2,2007,0,7,Gd,Gd,Gd,RFn,0,205950
4,1510,1,296,755,755,1,1940,1,7,TA,TA,TA,Unf,0,108000
7,1716,2,512,880,909,2,1996,1,7,Gd,Gd,Gd,RFn,120,191000
6,1469,1,216,756,756,1,1906,0,7,TA,TA,TA,Unf,0,135000
8,2113,3,839,2109,2113,2,1995,1,7,Gd,Gd,Gd,Fin,46,350000
6,1092,1,264,525,525,1,1971,0,6,TA,TA,TA,Unf,0,88000
5,1053,1,312,1053,1053,1,1959,0,5,Gd,Gd,TA,RFn,0,145500
7,1502,1,270,776,851,1,1931,1,6,TA,TA,Gd,RFn,0,149000
6,1458,1,330,912,912,1,1948,1,6,TA,TA,TA,Unf,0,97500
5,1486,2,480,1486,1486,1,1964,0,7,TA,TA,TA,Fin,0,167000
7,1935,2,550,793,1142,2,1976,1,7,TA,TA,Gd,RFn,113,197900
8,2448,3,711,1629,1686,2,1994,1,8,Gd,Gd,Gd,RFn,76,402000
6,1392,2,576,1392,1392,1,1968,2,5,TA,TA,Fa,RFn,0,110000
4,1181,2,588,1138,1181,2,1972,0,6,TA,TA,Gd,RFn,0,137500
8,2097,3,1134,2077,2097,1,2005,1,8,Ex,Gd,Ex,Fin,267,423000
8,1936,2,504,1406,1454,2,2000,1,7,Gd,Gd,Gd,RFn,124,230500
6,2380,2,596,1021,1465,2,1965,1,7,TA,TA,Gd,Unf,265,129000
6,1679,2,575,1408,1679,2,1994,1,7,Gd,TA,Gd,RFn,42,193500
5,1437,2,576,1188,1437,1,1956,1,6,TA,TA,TA,Unf,0,168000
4,1180,1,252,700,1180,1,1922,1,5,Fa,TA,Fa,Unf,0,137500
6,1476,2,540,738,738,2,2005,0,7,Gd,Gd,Gd,Fin,35,173500
6,1369,1,300,672,697,2,1925,0,6,TA,TA,TA,Unf,0,103600
6,1208,2,546,1208,1208,1,1977,1,6,TA,Gd,Gd,RFn,42,165000
6,1839,2,416,1477,1839,2,1957,2,7,Gd,TA,TA,Fin,87,257500
6,1136,1,384,1136,1136,1,1965,1,5,TA,TA,TA,RFn,0,140000
6,1441,2,440,855,855,2,1978,1,7,TA,TA,TA,Unf,0,148500
4,1774,3,779,1095,1095,2,1900,0,8,TA,TA,TA,Unf,0,87000
5,792,1,240,768,792,1,1924,0,5,Gd,Gd,TA,Unf,0,109500
8,2046,3,834,2046,2046,2,2008,1,7,Gd,Gd,Ex,Fin,82,372500
5,988,2,572,988,988,1,1961,0,5,TA,TA,TA,Unf,0,128500
6,923,1,264,923,923,2,1980,1,5,TA,TA,Gd,RFn,0,143000
5,1520,1,281,793,848,1,1932,0,6,TA,TA,TA,Unf,0,159434
6,1291,2,431,1291,1291,1,1996,1,6,Gd,TA,Gd,Unf,0,173000
9,1668,3,702,1626,1668,2,2002,1,7,Gd,Gd,Gd,Fin,45,285000
7,1839,2,486,1195,1195,2,1998,0,7,TA,Gd,Gd,Fin,81,221000
7,2090,2,577,1190,1190,2,1984,1,6,Gd,Gd,Gd,Fin,0,207500
7,1761,2,578,874,874,3,2007,0,7,Gd,Gd,Gd,Fin,105,227875
7,1102,2,480,551,551,2,2004,0,4,Gd,Gd,Gd,Unf,60,148800
8,1419,2,567,1419,1419,2,2007,1,7,Gd,Gd,Gd,RFn,0,392000
6,1362,2,460,1362,1362,2,2005,1,6,Gd,Gd,Gd,RFn,28,194700
6,848,2,420,848,848,1,2004,1,3,Gd,Gd,Gd,RFn,0,141000
10,4316,3,832,2444,2444,3,1994,2,10,Ex,Ex,Ex,Fin,50,755000
7,2519,2,628,1210,1238,2,1989,2,9,Gd,Gd,Gd,RFn,27,335000
5,1073,1,326,1073,1073,1,1921,0,4,TA,TA,TA,Unf,0,108480
5,1539,2,576,927,1067,1,1936,0,5,TA,TA,TA,Unf,0,141500
6,1137,2,551,1112,1137,2,1987,1,5,Gd,TA,Gd,Unf,0,176000
5,616,1,205,616,616,1,1921,0,4,TA,TA,TA,Unf,0,89000
5,1148,1,308,980,1148,1,1952,0,6,TA,TA,Ex,Unf,0,123500
5,894,1,336,894,894,1,1965,1,5,TA,TA,TA,Unf,144,138500
7,1391,2,530,1391,1391,2,2004,0,5,Gd,Gd,Gd,RFn,158,196000
8,1800,3,765,1800,1800,2,2002,1,7,Gd,Gd,Ex,Fin,78,312500
7,1164,2,528,1164,1164,1,1969,0,6,TA,TA,TA,Unf,0,140000
8,2576,3,666,1234,1264,2,2006,1,10,Ex,Ex,Ex,Fin,100,361919
5,1812,2,672,360,1032,2,1900,1,8,Gd,TA,Gd,Unf,0,140000
7,1484,2,606,1473,1484,2,2004,0,7,Gd,Gd,Gd,RFn,35,213000
4,1092,0,0,0,372,2,1930,0,7,Fa,Fa,,,0,55000
7,1824,2,739,1643,1824,2,1971,2,5,Gd,TA,Gd,Unf,48,302000
8,1324,2,550,1324,1324,2,2006,1,6,Gd,Gd,Gd,Fin,38,254000
7,1456,2,400,728,728,2,2007,1,8,Gd,Gd,Gd,Fin,24,179540
5,904,1,408,876,904,1,1966,0,6,TA,TA,TA,Unf,0,109900
3,729,0,0,270,729,1,1935,0,5,TA,Gd,TA,,0,52000
4,1178,1,384,859,859,1,1900,0,7,TA,TA,TA,RFn,0,102776
8,1228,2,472,1228,1228,2,1988,1,5,Gd,Gd,Gd,Fin,120,189000
4,960,2,576,960,960,1,1970,0,6,TA,TA,TA,Unf,288,129000
6,1479,2,475,725,725,2,1976,0,6,Gd,Gd,TA,RFn,44,130500
6,1350,2,478,1064,1350,2,1974,1,7,TA,TA,Gd,RFn,0,165000
7,2554,2,704,718,1576,1,1890,0,8,TA,TA,TA,Unf,48,159500
5,1178,2,439,1176,1178,1,1973,1,5,Gd,TA,Gd,Unf,0,157000
7,2418,3,983,1311,1325,2,1993,1,9,Gd,Gd,Gd,RFn,154,341000
5,971,1,300,971,971,1,1969,1,5,TA,TA,Gd,Unf,0,128500
8,1742,2,564,1742,1742,2,1985,1,5,Gd,Gd,Gd,RFn,28,275000
6,848,2,420,848,848,1,2004,0,3,Gd,Gd,Gd,RFn,0,143000
4,864,2,463,864,864,1,1970,0,5,TA,TA,TA,Unf,0,124500
4,1470,1,548,941,997,2,1954,0,7,TA,TA,TA,Unf,0,135000
9,1698,3,768,1698,1698,2,2007,1,8,Ex,Ex,Ex,Fin,64,320000
4,864,2,660,864,864,1,1970,0,5,Gd,TA,TA,Unf,0,120500
6,1680,2,540,880,1680,2,1988,1,5,Gd,Gd,Gd,Fin,44,222000
7,1232,2,632,1232,1232,2,2007,0,6,Gd,Gd,Gd,RFn,0,194500
5,1776,3,888,1584,1776,2,1958,0,9,TA,TA,TA,Unf,25,110000
4,1208,2,539,780,848,1,1925,0,5,TA,TA,TA,Unf,23,103000
8,1616,2,608,1595,1616,2,1995,1,5,Gd,Gd,Gd,RFn,152,236500
7,1146,2,438,868,1146,2,2003,1,6,Gd,Gd,Ex,Fin,22,187500
7,2031,2,541,1153,1153,2,1998,1,8,Gd,Gd,Gd,Fin,84,222500
5,1144,1,264,864,1144,1,1961,1,6,TA,TA,TA,RFn,0,131400
5,948,1,300,948,948,1,1968,0,6,TA,TA,TA,Unf,0,108000
7,1768,2,320,880,880,1,1914,2,6,TA,TA,Gd,Unf,341,163000
3,1040,2,400,0,1040,2,1950,0,6,TA,TA,,Unf,0,93500
8,1801,3,800,893,901,2,2005,1,8,Gd,Gd,Gd,Fin,116,239900
5,1200,0,0,1200,1200,3,1987,0,5,TA,TA,Gd,,0,179000
7,1728,2,572,864,864,2,2004,0,7,Gd,Gd,Gd,RFn,56,190000
5,1432,2,360,264,768,2,1910,0,7,TA,TA,Fa,Unf,0,132000
6,912,1,288,912,912,1,1961,0,5,Gd,TA,TA,Unf,0,142000
7,1349,2,539,1349,1349,2,2000,0,6,TA,TA,Gd,Unf,55,179000
5,1464,2,480,520,1464,2,1963,1,6,TA,TA,Gd,RFn,0,175000
8,1337,2,462,1337,1337,2,1993,1,5,Gd,Gd,Gd,RFn,0,180000
8,2715,2,831,1142,1175,3,1976,2,11,Gd,Ex,TA,Fin,204,299800
7,2256,2,554,952,980,2,2000,1,8,Gd,Gd,Gd,Fin,54,236000
7,2640,4,864,1240,1320,1,1880,1,8,Gd,Gd,TA,Unf,0,265979
7,1720,2,527,1720,1720,2,1996,1,7,Gd,Gd,Gd,Fin,56,260400
4,1529,1,240,0,1088,2,1945,0,9,TA,TA,,Unf,0,98000
4,1140,0,0,576,792,1,1910,0,7,TA,TA,TA,,160,96500
7,1320,2,400,660,660,2,2003,0,6,Gd,Gd,Gd,Fin,48,162000
6,1494,2,576,1479,1494,2,1997,0,6,Gd,TA,Gd,RFn,27,217000
8,2098,3,878,1030,1038,2,2005,1,8,Ex,Gd,Gd,RFn,52,275500
6,1026,2,440,1026,1026,1,1969,0,5,Gd,TA,TA,RFn,48,156000
6,1471,2,440,729,742,2,1999,0,6,TA,TA,Gd,Unf,24,172500
8,1768,2,578,866,866,2,2007,0,7,Gd,Gd,Gd,RFn,105,212000
6,1386,2,440,672,672,2,1978,1,6,TA,TA,TA,Fin,0,158900
7,1501,2,440,744,757,2,1999,0,6,TA,TA,Gd,Unf,0,179400
8,2531,3,752,1318,1328,2,1995,1,9,Gd,Gd,Gd,RFn,98,290000
6,864,1,300,864,864,1,1959,0,5,TA,TA,TA,Unf,0,127500
5,1301,2,440,1145,1301,1,1924,0,5,Fa,TA,TA,Unf,0,100000
7,1547,2,614,756,764,2,2009,0,7,Gd,TA,Gd,Unf,45,215200
8,2365,3,856,1252,1268,2,1999,1,8,Gd,Gd,Gd,RFn,128,337000
8,1494,2,481,1494,1494,1,1995,1,6,Ex,Gd,Gd,Fin,30,270000
9,1506,2,592,1498,1506,2,2008,1,6,Ex,Gd,Gd,Fin,174,264132
7,1714,2,496,980,980,2,1988,1,7,TA,TA,Gd,Unf,66,196500
6,1750,1,423,983,983,2,1940,0,7,TA,TA,Gd,Unf,0,160000
7,1836,2,484,1860,1836,2,2004,1,8,Gd,Gd,Gd,Fin,33,216837
8,3279,3,841,1650,1690,3,2003,1,12,Ex,Ex,Gd,Fin,36,538000
5,858,2,576,858,858,1,1982,0,5,TA,TA,Gd,Unf,0,134900
4,1220,2,396,836,1220,1,1951,0,6,TA,TA,Fa,Unf,0,102000
6,1117,2,672,1029,1117,1,1976,1,6,TA,TA,TA,Unf,0,107000
5,912,1,275,912,912,1,1958,0,5,TA,TA,TA,RFn,0,114500
8,1973,3,895,1935,1973,2,2006,1,9,Gd,Gd,Gd,Fin,45,395000
6,1204,2,412,1204,1204,2,1998,0,5,TA,TA,Ex,Fin,247,162000
7,1614,3,865,1614,1614,2,2005,0,7,Gd,Gd,Gd,RFn,59,221500
5,894,2,440,864,894,1,1974,1,5,TA,TA,TA,Unf,0,142500
5,2020,2,630,0,2020,2,1977,2,10,TA,TA,,Unf,0,144000
6,1004,2,504,975,1004,1,1977,0,4,TA,TA,Gd,Unf,0,135000
7,1253,2,402,1237,1253,2,1995,1,6,TA,TA,Gd,Fin,21,176000
6,1603,2,484,761,810,2,1992,0,7,Gd,Gd,Gd,RFn,124,175900
7,1430,2,605,1413,1430,2,2001,0,6,Gd,Gd,Gd,RFn,33,187100
5,1110,2,602,1097,1110,1,1978,1,4,Gd,TA,Gd,Fin,30,165500
6,1484,0,0,742,742,2,1914,1,9,TA,TA,TA,,291,128000
6,1342,2,457,1372,1342,2,1967,1,7,TA,TA,TA,Unf,0,161500
5,1652,1,416,686,966,2,1915,0,7,TA,TA,Fa,Unf,0,139000
7,2084,2,618,956,956,2,2004,0,8,Gd,Gd,Gd,RFn,45,233000
4,901,1,281,901,901,1,1954,0,4,TA,TA,TA,Unf,0,107900
6,2087,2,444,832,976,2,1966,0,9,Gd,TA,TA,Fin,168,187500
7,1145,2,397,1145,1145,2,2005,1,5,Gd,Gd,Gd,Fin,16,160200
6,1062,2,539,1029,1062,1,1976,2,5,TA,TA,Gd,RFn,0,146800
7,2013,2,455,1117,1127,2,1996,1,8,TA,Gd,Gd,Unf,130,269790
8,1496,2,474,1496,1496,2,2007,0,7,Gd,Gd,Gd,Fin,130,225000
7,1895,2,409,712,1086,2,1994,1,7,Gd,Gd,Gd,Fin,46,194500
6,1564,2,476,650,888,2,1980,1,7,TA,TA,Gd,Unf,50,171000
6,1285,2,528,660,1285,1,1977,1,7,TA,TA,TA,RFn,0,143500
5,773,1,240,773,773,1,1953,0,4,TA,TA,TA,Unf,0,110000
9,3140,3,820,1926,1966,3,2008,2,11,Ex,Ex,Ex,Fin,78,485000
5,1768,1,240,731,981,1,1937,2,7,Gd,TA,Gd,Unf,0,175000
6,1688,2,603,616,616,2,1997,0,8,Gd,TA,Gd,RFn,114,200000
4,1196,2,440,1196,1196,1,1916,0,5,TA,TA,TA,Unf,0,109900
7,1456,2,410,728,728,2,2005,1,7,Gd,Gd,Gd,Fin,18,189000
9,2822,3,1020,1734,1734,3,2008,1,12,Ex,Ex,Ex,RFn,170,582933
5,1128,1,286,936,1128,1,1954,0,5,TA,TA,TA,Unf,0,118000
7,1428,2,554,1417,1428,2,2008,0,6,Ex,Gd,Gd,RFn,60,227680
5,980,1,384,980,980,2,1967,0,6,TA,TA,TA,Fin,0,135500
5,1576,2,528,1324,1072,1,1923,1,6,Gd,TA,TA,RFn,312,223500
5,1086,2,484,1024,1086,1,1966,1,6,TA,TA,TA,RFn,0,159950
5,2138,2,360,849,1075,2,1898,0,11,TA,TA,TA,Unf,156,106000
6,1309,2,484,1040,1309,1,1974,1,5,Gd,TA,TA,RFn,0,181000
6,848,2,420,848,848,1,2004,1,4,Gd,Gd,Gd,Fin,0,144500
5,1044,2,504,540,1044,1,1952,0,4,Fa,Fa,TA,Unf,0,55993
6,1442,1,301,1442,1442,1,1958,0,7,TA,TA,TA,RFn,0,157900
5,1250,1,280,686,686,1,1918,0,7,Fa,TA,TA,Unf,0,116000
7,1661,2,598,1649,1661,2,1998,0,6,Gd,TA,Gd,RFn,34,224900
5,1008,1,275,1008,1008,1,1954,1,4,TA,TA,TA,RFn,0,137000
8,1689,3,857,1568,1689,2,2002,2,7,Gd,Gd,Gd,RFn,59,271000
6,1052,2,440,1010,1052,1,1971,0,6,TA,TA,TA,Unf,0,155000
7,1358,2,484,1358,1358,2,2009,1,6,Gd,Gd,Gd,RFn,35,224000
7,1640,2,595,798,798,2,2003,0,6,Gd,Gd,Gd,RFn,45,183000
4,936,2,576,936,936,1,1953,0,4,TA,Fa,Fa,Unf,32,93000
7,1733,2,433,847,847,2,2003,1,7,Gd,Gd,Gd,Fin,48,225000
6,1489,1,240,778,944,2,1940,1,7,TA,TA,TA,Unf,0,139500
8,1489,2,776,1489,1489,2,2006,1,7,Gd,Gd,Gd,RFn,140,232600
10,2084,3,1220,2078,2084,2,2007,1,7,Ex,Ex,Ex,Fin,45,385000
5,784,0,0,784,784,1,1924,0,5,Gd,TA,TA,,0,109500
7,1434,2,527,1454,1434,2,2001,1,6,Gd,Gd,Gd,RFn,39,189000
5,2126,2,538,1013,1160,2,1967,0,7,TA,TA,TA,Fin,0,185000
7,1223,2,480,600,520,2,2005,0,4,Gd,Gd,Gd,RFn,166,147400
6,1392,2,458,1392,1392,1,1957,2,6,TA,TA,TA,RFn,0,166000
7,1200,2,480,600,520,2,2005,0,4,Gd,TA,Gd,RFn,166,151000
7,1829,2,613,941,941,2,2003,1,7,Gd,Gd,Gd,RFn,39,237000
6,1516,2,472,1516,1516,1,1964,0,6,TA,TA,TA,RFn,0,167000
5,1144,2,456,1144,1144,1,1961,0,6,TA,TA,TA,Unf,0,139950
4,1067,2,436,1067,1067,2,1950,0,4,Gd,TA,Gd,Unf,0,128000
5,1559,2,812,1559,1559,1,1948,0,5,TA,TA,TA,Unf,116,153500
6,987,1,264,483,483,1,1973,0,5,TA,TA,TA,Unf,0,100000
5,1099,1,352,1099,1099,1,1995,0,6,Gd,TA,Gd,Unf,0,144000
5,1200,1,240,768,768,1,1946,0,6,TA,TA,TA,Unf,0,130500
6,1482,1,400,672,810,2,1925,0,7,Fa,TA,TA,Unf,0,140000
5,1539,2,686,650,958,2,1904,1,8,Gd,TA,TA,Unf,78,157500
6,1165,2,490,1127,1165,1,1966,0,6,TA,TA,TA,RFn,129,174900
5,1800,0,0,1800,1800,2,1961,0,10,TA,TA,TA,,0,141000
5,1416,3,720,876,876,1,1915,1,7,TA,TA,TA,Unf,0,153900
5,1701,2,611,1390,1701,2,1975,2,6,TA,TA,Gd,Fin,0,171000
7,1775,2,425,740,1006,2,1993,1,7,Gd,Gd,Gd,Unf,72,213000
5,864,1,338,864,864,1,1972,1,5,TA,TA,TA,Unf,0,133500
6,2358,2,360,907,1307,3,1908,1,10,TA,TA,TA,Unf,40,240000
6,1855,2,512,528,1094,2,1976,1,7,TA,Gd,TA,RFn,100,187000
6,848,2,420,848,848,1,2003,0,3,Gd,Gd,Gd,Fin,0,131500
8,1456,2,400,1273,1456,2,2003,1,7,Gd,Gd,Gd,Fin,20,215000
7,1646,1,240,918,918,2,1941,2,7,TA,TA,TA,Unf,0,164000
6,1445,2,645,1127,1445,1,1964,1,7,TA,TA,TA,RFn,0,158000
5,1779,2,454,1763,1779,1,1955,1,6,TA,TA,TA,Unf,418,170000
5,1040,1,260,1040,1040,1,1962,0,6,TA,TA,TA,Unf,104,127000
6,1026,2,576,940,1026,1,1978,0,5,TA,TA,Gd,Unf,0,147000
6,1481,2,343,702,702,2,1994,1,6,TA,TA,Gd,Fin,36,174000
7,1370,2,479,1090,1370,2,1976,1,6,TA,TA,Gd,RFn,0,152000
6,2654,2,619,1054,1512,2,1968,1,9,Gd,TA,TA,Unf,65,250000
7,1426,1,216,912,912,1,1918,1,7,Gd,Gd,TA,Unf,240,189950
5,1039,2,504,1039,1039,1,1965,0,6,TA,TA,TA,Unf,0,131500
6,1097,2,480,1040,1097,2,1984,0,6,TA,TA,Gd,Unf,0,152000
5,1148,1,672,1148,1148,1,1959,0,6,TA,TA,TA,Unf,0,132500
7,1372,2,529,1372,1372,2,2007,0,6,Gd,Gd,Ex,Fin,140,250580
5,1002,2,902,1002,1002,1,1970,0,5,TA,TA,TA,Unf,0,148500
8,1646,3,870,1638,1646,2,2006,1,6,Gd,Gd,Gd,RFn,80,248900
4,1120,2,544,1040,1120,1,1961,0,5,Fa,TA,TA,RFn,0,129000
5,2320,2,672,0,1547,2,1948,1,7,TA,TA,,Unf,144,169000
7,1949,2,574,1050,1062,2,1993,1,8,Gd,Gd,Gd,Fin,90,236000
5,894,1,308,894,894,1,1962,0,5,TA,TA,TA,Unf,0,109500
6,1682,2,523,804,804,2,1998,0,7,Gd,TA,Gd,RFn,77,200500
5,910,2,414,105,910,1,1953,0,5,Gd,Gd,TA,Unf,0,116000
5,1268,1,288,832,1036,1,1949,1,6,TA,Gd,TA,Unf,28,133000
5,1131,1,200,676,676,1,1941,0,5,TA,TA,TA,Unf,0,66500
8,2610,2,550,1184,1184,2,2007,1,11,Ex,Gd,Gd,Fin,364,303477
4,1040,2,648,1064,1040,1,1963,0,5,TA,TA,TA,Unf,0,132250
9,2224,3,738,1462,1462,2,2004,1,10,Ex,Gd,Ex,Fin,0,350000
5,1155,2,576,1109,1155,1,1961,0,6,Gd,TA,TA,Unf,0,148000
5,864,1,336,864,864,1,1978,0,6,TA,Gd,TA,Unf,0,136500
5,1090,2,450,1090,1090,1,2005,0,5,TA,TA,Ex,Fin,49,157000
7,1717,2,400,1156,1187,2,1990,1,7,Gd,Gd,Gd,RFn,36,187500
6,1593,2,389,808,808,2,1992,1,7,TA,TA,Gd,RFn,40,178000
4,2230,1,440,795,954,1,1912,0,10,TA,Gd,TA,Unf,188,118500
5,892,1,288,892,892,1,1967,0,5,TA,TA,TA,RFn,0,100000
9,1709,2,506,1698,1709,2,1999,1,5,Gd,Gd,Ex,Fin,65,328900
5,1712,2,588,1626,1712,2,1959,0,8,TA,TA,TA,Fin,54,145000
5,1393,1,300,816,872,1,1955,0,8,TA,TA,TA,Unf,0,135500
8,2217,2,621,2217,2217,2,1970,1,8,Gd,Gd,TA,Unf,207,268000
6,1505,2,505,1505,1505,1,1953,1,6,TA,TA,TA,RFn,0,149500
5,924,2,576,672,672,1,1949,1,6,TA,TA,TA,Unf,0,122900
6,1683,2,440,918,918,2,1978,1,7,TA,TA,TA,RFn,0,172500
6,1068,1,264,1059,1068,1,1963,0,6,TA,TA,TA,RFn,0,154500
5,1383,1,354,1383,1383,1,1954,1,6,TA,TA,Gd,Unf,116,165000
5,1535,2,400,0,1535,2,1979,0,8,TA,TA,,Unf,0,118858
6,1796,2,483,780,983,1,1963,1,8,TA,TA,TA,RFn,50,140000
4,951,1,327,951,951,1,1936,0,6,TA,TA,TA,Unf,28,106500
5,2240,2,528,0,1120,2,1979,0,12,TA,TA,,Unf,0,142953
9,2364,3,820,2330,2364,2,2009,2,11,Ex,Ex,Ex,Fin,67,611657
5,1236,1,288,912,1236,1,1961,1,6,TA,TA,TA,Unf,0,135000
4,858,1,684,858,858,1,1971,0,4,TA,TA,TA,Unf,0,110000
5,1306,1,756,992,1306,1,1957,0,5,TA,TA,TA,Unf,0,153000
7,1509,2,393,783,807,2,2003,1,8,Gd,Gd,Gd,Fin,75,180000
7,1670,3,690,1670,1670,2,2006,1,7,Gd,Gd,Gd,RFn,60,240000
5,902,1,288,876,902,1,1967,0,6,TA,TA,TA,Unf,0,125500
5,1063,1,280,1056,1063,1,1954,0,6,TA,TA,TA,RFn,0,128000
8,1636,3,865,1623,1636,2,2006,1,8,Gd,Gd,Gd,RFn,60,255000
7,2057,1,180,1017,1020,1,1936,1,6,Gd,Gd,Gd,Fin,0,250000
5,902,2,484,864,902,1,1983,0,5,TA,TA,Gd,Unf,0,131000
6,1484,2,390,742,742,2,2005,1,8,Gd,Gd,Gd,Fin,24,174000
5,2274,2,480,1105,1105,2,1960,0,12,TA,TA,TA,Unf,0,154300
5,1268,1,252,1268,1268,1,1977,0,5,Gd,TA,Gd,Unf,0,143500
5,1015,1,450,768,1015,1,1925,0,6,TA,TA,TA,Unf,0,88000
5,2002,3,871,1001,1001,2,1949,0,8,TA,TA,TA,Unf,0,145000
6,1224,2,528,612,612,2,2009,0,4,Gd,Gd,Gd,RFn,234,173733
4,1092,1,286,546,546,1,1970,0,6,TA,TA,TA,Unf,0,75000
2,480,1,308,480,480,0,1949,0,4,TA,TA,TA,Unf,0,35311
4,1229,1,284,1134,1229,1,1956,0,6,TA,TA,TA,RFn,0,135000
7,2127,3,833,1104,912,2,1991,1,8,Gd,Gd,Ex,RFn,192,238000
6,1414,2,601,1184,1414,1,1958,1,6,TA,Ex,Gd,Unf,51,176500
6,1721,2,471,928,936,2,1994,0,7,Gd,Gd,Gd,RFn,87,201000
5,2200,0,0,1272,1272,2,1900,0,9,TA,TA,TA,,70,145900
6,1316,2,397,1316,1316,2,2005,1,6,Gd,Gd,Gd,Fin,0,169990
6,1617,2,533,1604,1617,2,1993,1,5,Gd,Gd,Gd,RFn,69,193000
6,1686,2,612,1686,1686,2,1980,1,7,TA,TA,Gd,Unf,131,207500
5,1126,2,540,1126,1126,2,1977,0,6,Ex,TA,Gd,RFn,0,175000
8,2374,3,656,1181,1234,2,2003,1,10,Ex,Gd,Gd,Fin,100,285000
7,1978,2,486,832,1098,2,1968,1,9,TA,TA,TA,RFn,43,176000
8,1788,2,522,1753,1788,2,2001,1,7,Ex,Gd,Gd,RFn,151,236500
7,2236,2,642,964,993,2,1997,1,8,Gd,TA,Gd,Fin,0,222000
8,1466,3,610,1466,1466,2,2007,0,7,Gd,Gd,Gd,Fin,18,201000
5,925,1,429,925,925,1,1965,0,5,TA,TA,TA,Unf,0,117500
9,1905,3,788,1905,1905,2,2006,1,8,Ex,Ex,Ex,Fin,191,320000
7,1500,2,570,1500,1500,2,2004,0,6,Gd,Gd,Gd,RFn,36,190000
7,2069,2,505,585,2069,2,1960,1,9,Gd,TA,Gd,RFn,0,242000
4,747,2,528,600,747,1,1926,0,5,TA,TA,Fa,Unf,0,79900
7,1200,2,555,1176,1200,2,2003,0,5,Gd,Gd,Gd,RFn,41,184900
7,1971,2,689,1113,1113,2,2005,1,8,Gd,Gd,Gd,RFn,48,253000
7,1962,3,868,1391,1391,2,2006,0,7,Gd,Gd,Gd,RFn,90,239799
7,2403,1,349,1032,1207,2,1940,2,10,TA,TA,TA,Unf,0,244400
6,1728,2,574,1728,1728,2,1976,0,8,TA,TA,TA,Unf,0,150900
7,2060,2,390,992,1022,2,1999,1,8,Gd,Gd,Gd,RFn,0,214000
4,1440,0,0,1440,1440,2,1977,0,8,TA,TA,Gd,,0,150000
5,1632,2,576,1632,1632,2,1967,0,8,TA,TA,TA,Unf,0,143000
6,1344,2,525,819,1344,1,1958,1,7,Gd,TA,TA,RFn,118,137500
5,1869,2,456,1088,1188,1,1890,0,7,TA,TA,TA,Unf,0,124900
5,1144,1,796,1144,1144,1,1959,1,6,TA,TA,TA,RFn,0,143000
8,1629,3,808,1616,1629,2,2002,1,9,Gd,Gd,Gd,Fin,252,270000
7,1776,2,474,936,936,2,2002,1,7,Gd,Gd,Gd,RFn,96,192500
6,1381,2,676,1161,1381,1,1972,1,5,Gd,TA,TA,RFn,0,197500
5,864,2,720,864,864,1,1950,0,5,Gd,TA,TA,RFn,0,129000
5,965,1,300,828,965,1,1965,0,6,TA,TA,TA,Unf,0,119900
5,768,1,396,768,768,1,1972,0,5,TA,TA,Gd,Fin,0,133900
5,1968,2,530,784,1168,2,1969,1,7,TA,TA,TA,RFn,189,172000
6,980,0,0,945,980,2,1975,0,4,TA,TA,Gd,,0,127500
6,1958,2,492,979,979,2,1946,0,8,TA,TA,Gd,Unf,0,145000
6,1229,2,462,561,561,1,1980,1,5,TA,TA,Gd,Fin,0,124000
5,1057,2,576,1057,1057,1,1962,0,6,TA,TA,TA,Fin,0,132000
7,1337,2,531,1337,1337,2,2003,0,6,Gd,Gd,Gd,RFn,39,185000
7,1416,2,484,696,696,2,1999,0,6,Gd,Gd,Gd,Unf,44,155000
5,858,0,0,858,858,1,1958,0,4,TA,TA,TA,,0,116500
6,2872,2,619,1330,1542,2,1977,1,11,TA,TA,Gd,Fin,282,272000
6,1548,2,440,804,804,2,1976,1,7,Gd,TA,Gd,Unf,0,155000
9,1800,2,702,1800,1800,2,2007,0,7,Ex,Gd,Ex,Fin,136,239000
7,1894,2,510,817,824,2,2002,1,8,Gd,Gd,Gd,Fin,40,214900
6,1484,2,393,783,783,2,2005,1,8,Gd,Gd,Gd,Fin,72,178900
5,1308,1,256,728,976,1,1940,2,7,TA,Gd,TA,Unf,70,160000
5,1098,1,260,1098,1098,1,1955,0,6,TA,TA,TA,Unf,0,135000
3,968,0,0,600,600,1,1910,0,6,TA,TA,TA,,0,37900
6,1095,1,264,588,1095,1,1958,0,6,TA,TA,TA,RFn,0,140000
4,1192,0,0,720,720,1,1949,0,6,TA,TA,TA,,0,135000
7,1626,2,474,764,764,2,2003,0,6,Gd,Gd,Gd,RFn,27,173000
6,918,1,264,918,918,2,1979,1,5,TA,TA,Gd,Unf,0,99500
7,1428,2,480,1428,1428,2,2007,0,6,Gd,Gd,Gd,Fin,120,182000
7,2019,2,532,728,1136,1,1910,0,8,Gd,TA,Gd,Unf,135,167500
7,1382,2,490,673,673,2,2000,0,6,Gd,Gd,Gd,Unf,50,165000
4,869,0,0,440,869,1,1923,0,4,Fa,TA,Gd,,0,85500
7,1241,2,569,1241,1241,1,2006,0,4,Gd,Gd,Gd,Fin,116,199900
4,894,2,400,894,894,1,1954,0,5,TA,TA,TA,Unf,0,110000
5,1121,2,480,1121,1121,1,1963,0,5,TA,TA,TA,Unf,80,139000
7,999,2,588,944,999,1,1961,0,6,Ex,Ex,TA,RFn,76,178400
8,2612,3,676,1225,1276,2,1998,1,8,Gd,Gd,Gd,Fin,0,336000
7,1266,2,388,1266,1266,2,2007,1,6,Gd,Gd,Gd,Fin,16,159895
8,2290,2,779,1128,1149,2,2002,1,9,Gd,Gd,Gd,Unf,0,255900
5,1734,2,539,0,1302,2,1977,0,8,Gd,TA,,Unf,0,126000
5,1164,1,240,1164,1164,1,1950,0,5,TA,TA,TA,Unf,48,125000
6,1635,1,255,485,1001,1,1910,0,5,Gd,TA,TA,Unf,0,117000
9,1940,3,606,1930,1940,2,2009,1,8,Ex,Ex,Ex,Fin,95,395192
6,2030,2,551,848,1118,2,1976,1,8,Gd,TA,TA,Fin,224,195000
7,1576,2,614,770,778,2,2006,0,6,Gd,Gd,Gd,RFn,50,197000
8,2392,3,870,1396,1407,2,1997,1,7,Gd,Gd,Gd,Fin,70,348000
8,1742,2,424,916,916,1,1882,1,8,Gd,Gd,TA,Unf,169,168000
6,1851,2,440,822,1020,2,1964,1,7,Gd,TA,TA,RFn,42,187000
6,1500,2,564,750,750,2,2005,0,6,Gd,TA,Gd,RFn,35,173900
10,1718,3,786,1700,1718,2,2006,1,7,Ex,Ex,Ex,Fin,48,337500
4,1230,1,305,747,774,1,1946,0,5,TA,TA,TA,Unf,57,121600
5,1050,1,368,1050,1050,1,1961,0,6,TA,TA,TA,Unf,319,136500
6,1442,2,615,1442,1442,2,1970,1,6,TA,TA,TA,RFn,0,185000
3,1077,1,210,1007,1077,1,1922,1,6,TA,TA,TA,Unf,100,91000
7,1208,2,632,1187,1208,2,2006,0,6,Gd,Gd,Gd,RFn,61,206000
3,944,2,528,0,944,1,1952,0,4,Fa,TA,,Unf,0,82000
5,691,1,216,691,691,1,1920,0,4,Ex,TA,Fa,Unf,20,86000
8,1574,3,824,1574,1574,2,2006,1,7,Gd,Gd,Gd,RFn,104,232000
5,1680,2,528,1680,1680,2,1976,0,8,TA,TA,TA,Unf,0,136905
7,1504,2,457,1346,1504,2,2005,1,7,Gd,Gd,Gd,Fin,0,181000
5,985,1,328,985,985,2,1977,0,6,TA,Gd,Gd,Unf,0,149900
6,1657,2,484,1657,1657,2,1970,1,7,TA,TA,Gd,Unf,0,163500
4,1092,1,286,546,546,1,1970,0,6,TA,TA,TA,RFn,0,88000
7,1710,2,550,1710,1710,2,2004,1,7,Gd,Gd,Ex,Fin,48,240000
5,1522,0,0,1008,1008,2,1926,0,7,TA,TA,TA,,0,102000
5,1271,1,312,720,720,2,1948,1,7,TA,TA,TA,Unf,0,135000
5,1664,0,0,0,1664,2,1965,0,8,TA,TA,,,0,100000
6,1502,1,180,602,900,1,1923,2,7,Gd,TA,TA,Unf,0,165000
5,1022,1,280,1022,1022,1,1910,0,4,TA,TA,TA,Unf,30,85000
6,1082,1,240,1082,1082,1,1948,1,5,TA,TA,TA,Unf,130,119200
8,1665,2,528,810,810,2,2001,0,6,Gd,Gd,Gd,Fin,45,227000
7,1504,2,478,1504,1504,2,1996,1,6,Gd,Gd,Gd,Fin,66,203000
8,1360,2,565,1220,1360,1,1984,1,4,Gd,Gd,Gd,RFn,0,187500
7,1472,2,402,384,802,2,1991,1,7,Gd,Gd,Gd,RFn,0,160000
7,1506,2,440,1362,1506,2,2005,1,6,Gd,Gd,Gd,Fin,20,213490
4,1132,2,451,1132,1132,1,2005,0,5,Gd,TA,Gd,Fin,64,176000
7,1220,2,632,1199,1220,2,2006,0,6,Gd,Gd,Gd,RFn,54,194000
5,1248,1,160,912,912,1,1930,0,6,TA,TA,TA,Unf,0,87000
7,1504,2,437,1346,1504,2,2005,1,7,Gd,Gd,Gd,Fin,20,191000
8,2898,2,665,1565,2898,2,1976,1,10,Gd,Gd,Gd,Fin,72,287000
5,882,2,461,882,882,1,1972,0,5,TA,TA,TA,Unf,0,112500
5,1264,2,461,1268,1264,1,1960,2,6,TA,TA,TA,Unf,0,167500
8,1646,3,800,1638,1646,2,2007,1,7,Gd,Gd,Gd,RFn,44,293077
5,1376,1,240,768,968,1,1941,1,6,TA,TA,TA,Unf,0,105000
6,1218,1,264,672,672,1,1972,0,7,TA,TA,TA,Unf,28,118000
5,1928,0,0,686,948,2,1916,0,10,TA,TA,TA,,0,160000
7,3082,2,672,824,1687,2,1920,2,12,TA,TA,TA,Fin,63,197000
8,2520,3,796,1338,1352,2,1993,1,10,Gd,Gd,Gd,RFn,55,310000
7,1654,3,900,1654,1654,2,2002,0,6,Gd,Gd,Gd,Unf,136,230000
5,954,1,240,920,954,1,1938,1,5,Fa,TA,Fa,Unf,0,119750
4,845,1,290,0,845,1,1957,0,5,TA,TA,,Unf,0,84000
9,1620,3,912,1620,1620,2,2007,1,6,Ex,Gd,Ex,Fin,0,315500
8,2263,2,905,1055,1055,2,2001,1,7,Gd,Gd,Gd,Fin,45,287000
4,1344,0,0,546,798,1,1970,1,6,TA,TA,TA,,0,97000
4,630,1,286,630,630,1,1970,0,3,TA,TA,Gd,Unf,0,80000
5,1803,2,484,1134,1803,2,1957,1,8,TA,TA,TA,RFn,0,155000
6,1632,2,484,800,800,1,1966,0,7,Gd,TA,TA,Unf,40,173000
6,1306,2,624,1306,1306,2,2005,1,5,Gd,Gd,Gd,RFn,63,196000
7,2329,2,514,1475,1532,2,1990,1,10,Gd,TA,Gd,Unf,121,262280
8,2524,2,542,2524,2524,2,1981,1,9,Gd,Gd,Gd,Fin,120,278000
3,1733,2,452,0,1733,2,1955,1,8,TA,TA,,Unf,0,139600
9,2868,3,716,1992,1992,3,2005,1,11,Ex,Gd,Ex,Fin,108,556581
5,990,2,672,990,990,1,1994,0,5,TA,TA,Gd,Unf,0,145000
5,1771,2,336,0,1771,1,1960,1,9,TA,TA,,Unf,0,115000
4,930,1,308,0,930,1,1946,0,6,Gd,TA,,Unf,0,84900
7,1302,2,436,1302,1302,2,2007,0,6,Gd,Gd,Gd,Fin,22,176485
7,1316,2,440,1316,1316,2,2007,1,6,Gd,Gd,Gd,Fin,20,200141
6,1977,2,540,816,1127,1,1964,1,9,TA,TA,TA,RFn,52,165000
5,1526,1,364,1216,1526,1,1957,1,7,TA,TA,TA,Unf,78,144500
8,1989,2,586,1065,1091,2,2002,1,7,Gd,Gd,Gd,Fin,60,255000
6,1523,2,478,1193,1523,2,1976,1,7,TA,TA,Gd,Fin,0,180000
7,1364,2,484,1364,1364,2,2005,1,6,Gd,Gd,Gd,RFn,36,185850
7,1850,2,467,973,979,2,1994,1,7,Gd,Gd,Gd,Fin,98,248000
9,2184,3,836,1104,1130,2,2008,1,10,Ex,Ex,Ex,Fin,102,335000
6,1991,2,432,854,1096,1,1932,1,7,TA,TA,TA,Unf,0,220000
8,1338,2,582,1338,1338,2,2001,0,6,Gd,Gd,Gd,Fin,0,213500
3,894,3,1248,894,894,1,1935,0,6,TA,Fa,TA,RFn,20,81000
5,2337,2,560,662,1422,2,1900,0,10,TA,TA,TA,Unf,57,90000
6,1103,2,440,1103,1103,1,1925,1,5,Gd,TA,TA,Unf,120,110500
5,1154,2,480,1154,1154,1,1966,1,6,TA,TA,TA,RFn,58,154000
7,2260,2,533,1306,1306,2,1996,0,7,Gd,Gd,Ex,RFn,44,328000
6,1571,2,380,799,799,2,1993,1,7,TA,Gd,Gd,RFn,40,178000
6,1611,2,442,780,798,1,1964,0,7,TA,TA,TA,RFn,128,167900
6,2521,2,576,942,1291,2,1973,1,10,TA,TA,Gd,Fin,20,151400
5,893,2,576,845,893,1,1949,0,4,Gd,TA,TA,Unf,0,135000
5,1048,1,286,1048,1048,1,1956,0,6,TA,TA,TA,Unf,20,135000
6,1556,2,441,727,829,1,1968,0,8,TA,TA,TA,Unf,0,154000
5,1456,1,280,810,1002,1,1948,1,7,TA,TA,Fa,Unf,0,91500
6,1426,2,440,690,698,1,1977,0,6,TA,TA,TA,Fin,0,159500
7,1240,3,826,1240,1240,2,2006,0,5,Gd,Gd,Gd,RFn,93,194000
7,1740,1,240,800,960,1,1940,2,6,TA,TA,TA,Unf,0,219500
5,1466,2,566,796,1096,2,1936,1,7,Gd,TA,Fa,Unf,21,170000
5,1096,1,299,1096,1096,1,1969,0,6,TA,TA,TA,Fin,32,138800
6,848,2,420,848,848,1,2004,1,3,Gd,Gd,Gd,RFn,0,155900
5,990,1,299,990,990,1,1994,0,5,TA,TA,Gd,Unf,64,126000
6,1258,2,528,1258,1258,2,1971,0,5,Gd,Gd,TA,RFn,0,145000
5,1040,1,308,1040,1040,1,1963,0,5,TA,TA,TA,Fin,0,133000
7,1459,2,527,1459,1459,2,2002,1,6,Gd,Gd,Gd,RFn,39,192000
6,1251,1,461,1251,1251,1,1964,2,6,TA,TA,TA,RFn,116,160000
6,1498,2,409,691,691,2,1995,1,6,TA,TA,Gd,Fin,44,187500
6,996,2,564,936,996,1,1992,0,5,Gd,TA,Gd,Unf,0,147000
4,1092,1,286,546,546,1,1973,0,6,TA,TA,TA,RFn,96,83500
8,1953,3,1043,1082,1082,2,2005,1,9,Gd,Gd,Gd,RFn,50,252000
7,1709,2,380,970,970,2,2004,0,7,Gd,Gd,Gd,Unf,40,137500
8,1247,2,550,1247,1247,1,2005,1,4,Gd,Gd,Gd,Fin,84,197000
3,1040,2,400,0,1040,2,1950,0,6,TA,TA,,Unf,0,92900
7,1252,2,462,600,624,2,1999,0,4,Gd,Gd,Gd,Unf,48,160000
6,1694,2,576,1181,1390,2,1925,1,7,TA,TA,TA,Unf,0,136500
5,1200,2,884,864,1200,1,1965,0,6,Gd,TA,TA,Unf,64,146000
5,936,1,308,936,936,1,1956,0,4,TA,TA,TA,Fin,0,129000
6,1314,2,440,1314,1314,2,2006,1,6,Gd,Gd,Gd,RFn,22,176432
6,1355,0,0,684,773,1,1914,0,7,Gd,TA,TA,,0,127000
8,1088,2,461,1074,1088,1,1986,0,5,Gd,Gd,Gd,RFn,74,170000
4,1324,1,240,672,757,1,1936,0,6,TA,TA,TA,Unf,0,128000
7,1601,2,478,1271,1601,2,1978,1,7,TA,TA,Gd,RFn,0,157000
2,438,1,246,290,438,1,1920,0,3,Fa,TA,TA,Unf,0,60000
5,950,1,280,950,950,1,1971,0,5,TA,TA,TA,Unf,0,119500
5,1134,1,254,1010,1134,1,1960,0,6,TA,TA,TA,RFn,16,135000
6,1194,2,539,655,1194,1,1959,1,6,TA,TA,TA,Fin,0,159500
5,1302,2,440,630,630,2,1970,0,6,TA,TA,TA,Unf,0,106000
8,2622,2,712,1463,1500,2,1994,2,9,Gd,Gd,Ex,RFn,32,325000
7,1442,2,719,910,1442,2,1990,1,6,Gd,Gd,Gd,Fin,244,179900
7,2021,2,422,868,887,2,2006,1,9,Gd,Gd,Ex,RFn,100,274725
6,1690,2,463,924,948,2,2000,1,7,TA,TA,Gd,RFn,48,181000
8,1836,3,862,1836,1836,2,2004,1,7,Gd,Gd,Ex,Fin,185,280000
6,1658,2,431,773,773,2,1995,1,8,TA,TA,Gd,Fin,84,188000
7,1964,2,483,803,1098,2,1976,1,8,TA,TA,TA,RFn,69,205000
5,816,1,308,816,816,1,1957,0,5,TA,TA,TA,Unf,0,129900
5,1008,1,240,1008,1008,1,1953,0,6,Gd,TA,TA,Unf,18,134500
5,833,1,326,833,833,1,1954,0,4,Gd,TA,TA,Unf,0,117000
8,1734,3,928,1734,1734,2,2007,1,7,Ex,Gd,Ex,RFn,0,318000
8,1419,2,527,408,779,2,2002,1,7,Gd,Gd,Gd,Fin,0,184100
5,894,2,450,894,894,1,1967,0,5,Gd,TA,TA,RFn,0,130000
5,1601,1,300,533,1021,1,1958,0,6,TA,TA,TA,RFn,34,140000
5,1040,1,286,1040,1040,1,1959,0,6,TA,TA,TA,RFn,0,133700
6,1012,1,308,1012,1012,1,1920,1,6,TA,TA,TA,Unf,22,118400
7,1552,3,782,1552,1552,2,2005,0,7,Gd,Gd,Gd,RFn,20,212900
4,960,1,288,672,960,1,1956,0,5,TA,TA,TA,Unf,0,112000
5,698,0,0,698,698,1,1947,0,4,TA,TA,TA,,200,118000
7,1482,2,392,384,812,2,1992,1,7,Gd,TA,Gd,Fin,25,163900
4,1005,2,672,1005,1005,1,1955,1,5,Fa,TA,TA,Unf,0,115000
7,1555,3,660,1373,1555,2,2007,1,7,Gd,Gd,Gd,Fin,20,174000
7,1530,3,630,1530,1530,2,2004,1,7,Gd,Gd,Gd,Fin,36,259000
7,1959,2,434,847,847,2,2004,1,8,Gd,Gd,Gd,Fin,48,215000
5,936,2,672,936,936,1,1980,0,4,TA,TA,Gd,Unf,0,140000
4,1981,2,576,1122,1328,2,1928,2,7,Gd,TA,TA,Unf,44,135000
5,974,0,0,974,974,1,1991,0,5,TA,TA,Gd,,28,93500
6,2210,1,205,1008,1178,2,1880,0,8,Fa,TA,TA,Unf,48,117500
8,2020,2,466,1128,1142,2,1995,1,8,Gd,Gd,Gd,RFn,155,239500
6,1600,2,460,916,916,2,1997,1,7,TA,TA,Gd,Fin,38,169000
6,986,1,180,960,986,1,1926,1,5,TA,TA,TA,Unf,128,102000
6,1252,1,288,1032,1032,1,1950,0,6,TA,TA,TA,Unf,0,119000
5,1020,0,0,780,780,1,1875,0,6,TA,TA,TA,,0,94000
6,1567,2,714,1567,1567,2,1977,2,5,Gd,TA,TA,RFn,32,196000
5,1167,2,495,915,1167,1,1920,1,6,TA,TA,TA,Unf,0,144000
5,952,2,840,952,952,1,1951,0,4,TA,TA,TA,Unf,0,139000
5,1868,2,484,780,1088,2,1976,1,9,Gd,TA,TA,Unf,96,197500
8,2828,3,1052,1466,1466,3,2006,1,11,Gd,Gd,Ex,RFn,144,424870
5,1006,0,0,1006,1006,1,1959,0,5,TA,TA,TA,,24,80000
4,924,1,280,672,672,1,1941,0,5,Fa,TA,Gd,Unf,0,80000
5,1576,1,225,1042,1042,1,1928,1,8,TA,TA,TA,Unf,0,149000
6,1298,2,403,1298,1298,2,1985,1,5,Gd,Gd,Gd,Unf,26,180000
7,1564,1,234,704,860,1,1941,1,7,Fa,TA,TA,Unf,0,174500
7,1111,1,288,572,572,1,1926,1,5,TA,TA,TA,Unf,0,116900
7,1482,2,324,650,832,1,1920,0,7,TA,TA,TA,Unf,0,143000
6,932,1,306,932,932,1,1950,1,4,Gd,TA,TA,Unf,0,124000
5,1466,2,528,1466,1466,1,1959,2,6,Fa,TA,TA,Fin,140,149900
6,1811,2,470,1073,1811,1,1956,1,6,Ex,TA,TA,Fin,0,230000
6,816,1,432,816,816,1,1930,0,5,TA,Gd,TA,Unf,0,120500
7,1820,2,492,864,902,1,1965,2,8,Gd,TA,TA,Unf,84,201800
5,1437,2,528,1437,1437,2,1976,1,6,Gd,Gd,Gd,RFn,21,218000
5,1265,2,502,1219,1265,2,1965,1,6,Gd,TA,TA,RFn,92,179900
7,1314,2,626,1314,1314,2,2007,1,6,Gd,Gd,Gd,RFn,62,230000
8,1580,3,830,1580,1580,2,2007,0,7,Gd,Gd,Gd,RFn,24,235128
6,1876,2,540,901,943,2,1974,1,8,Gd,Gd,TA,RFn,69,185000
6,1456,2,440,855,855,2,1978,1,7,TA,TA,Gd,Unf,0,146000
6,1640,2,924,1296,1640,1,1954,1,7,Gd,Gd,TA,Unf,0,224000
5,894,2,450,894,894,1,1968,1,5,TA,TA,Gd,Fin,0,129000
4,1258,2,400,1198,1258,0,1969,0,6,TA,TA,Gd,Unf,0,108959
5,1432,2,588,1360,1432,1,1978,1,5,Gd,TA,Gd,Unf,180,194000
7,1502,2,644,1502,1502,2,2009,0,7,Gd,Gd,Gd,RFn,114,233170
8,1694,3,776,1694,1694,2,2008,0,7,Gd,Gd,Gd,RFn,33,245350
6,1671,2,472,959,959,2,2000,1,7,TA,TA,Gd,Fin,38,173000
6,2108,2,540,1127,1236,2,1935,2,7,Gd,TA,TA,Unf,0,235000
10,3627,3,807,1930,1831,3,1995,1,10,Gd,Gd,Ex,Fin,76,625000
6,1118,1,358,1096,1118,1,1977,1,6,TA,TA,TA,Fin,0,171000
6,1261,2,433,1261,1261,1,1958,1,6,TA,TA,TA,RFn,0,163000
7,1250,2,625,625,625,2,2006,0,5,Gd,Gd,Gd,Fin,54,171900
5,3086,0,0,1598,1636,3,1946,1,12,Ex,TA,TA,,0,200500
6,2345,2,360,952,1170,2,1932,1,9,TA,TA,Gd,Unf,0,239000
8,2872,2,541,1683,2129,2,1992,1,9,Gd,Gd,Gd,Fin,33,285000
5,923,1,264,876,923,1,1984,0,5,TA,TA,TA,Unf,0,119500
6,1224,1,210,818,818,1,1926,0,5,TA,TA,TA,Unf,0,115000
5,1343,1,186,731,820,1,1921,1,7,TA,TA,TA,Unf,0,154900
5,1124,0,0,0,1124,1,1954,1,5,TA,TA,,,36,93000
7,2514,2,693,1216,1298,2,1990,0,8,TA,TA,Gd,Fin,0,250000
8,1652,2,482,1600,1652,2,2008,1,5,Gd,Ex,Ex,Fin,53,392500
10,4476,3,813,2396,2411,3,1996,2,10,Ex,Gd,Ex,Fin,78,745000
5,1130,2,720,1120,1130,1,1920,1,5,TA,TA,TA,Unf,0,120000
5,1572,3,995,1572,1572,1,1963,2,5,TA,TA,TA,RFn,263,186700
5,1221,1,392,784,949,1,1924,0,7,TA,TA,TA,Unf,0,104900
3,1699,2,420,978,1014,2,1900,0,7,TA,TA,Fa,Unf,74,95000
8,1624,3,757,1624,1624,2,1994,1,5,Gd,Gd,Gd,RFn,114,262000
7,1660,2,493,831,831,2,2002,0,7,Gd,Gd,Gd,RFn,68,195000
7,1804,2,442,994,1028,2,1999,1,7,Gd,TA,TA,Fin,60,189000
4,1622,4,1356,1249,1622,1,1961,1,7,TA,TA,TA,Fin,0,168000
8,1441,2,492,776,764,2,1999,0,5,Gd,Gd,Gd,Unf,0,174000
5,1472,1,250,702,842,1,1925,0,6,Gd,TA,TA,Unf,0,125000
6,1224,2,402,1224,1224,2,1999,0,5,TA,TA,Ex,Fin,304,165000
6,1352,1,299,663,663,1,1969,0,7,TA,TA,TA,Fin,36,158000
6,1456,2,400,728,728,2,2005,0,8,Gd,TA,Gd,Fin,24,176000
7,1863,3,660,879,879,2,2006,1,9,Gd,Gd,Gd,Fin,17,219210
7,1690,1,225,815,815,1,1916,1,7,TA,TA,TA,Unf,0,144000
7,1212,2,573,1212,1212,2,2001,0,6,Gd,Gd,Gd,RFn,0,178000
4,1382,2,459,1051,1382,1,1963,1,6,TA,TA,TA,Unf,82,148000
4,864,1,280,864,864,1,1970,0,5,TA,TA,TA,Unf,0,116050
7,1779,2,546,866,866,2,1998,0,6,Gd,TA,Gd,RFn,36,197900
5,1348,1,216,884,884,1,1925,1,5,TA,TA,TA,Unf,0,117000
7,1630,2,451,1630,1630,2,2000,1,6,Gd,Gd,Gd,Unf,234,213000
5,1074,2,495,1056,1074,1,1975,0,6,TA,TA,Gd,RFn,88,153500
7,2196,3,701,2158,2196,2,1990,1,7,Gd,Gd,Gd,RFn,70,271900
4,1056,1,384,1056,1056,1,1966,0,5,TA,TA,TA,Unf,42,107000
6,1700,2,544,1682,1700,2,2003,0,7,Gd,Gd,Gd,RFn,23,200000
5,1283,2,506,931,1283,1,1962,0,6,TA,TA,TA,Unf,0,140000
8,1660,2,500,1660,1660,2,2006,1,8,Gd,Gd,Ex,RFn,50,290000
6,1845,2,462,1055,1055,2,1992,1,8,Gd,Gd,Gd,RFn,104,189000
8,1752,2,492,559,1080,2,1988,0,8,TA,Gd,Gd,RFn,12,164000
4,672,1,234,672,672,1,1941,0,4,TA,TA,TA,Unf,113,113000
4,960,1,364,648,960,0,1965,0,3,TA,TA,TA,Unf,0,145000
5,999,1,300,925,999,1,1962,0,6,TA,TA,TA,Unf,72,134500
5,894,1,384,894,894,1,1966,0,5,TA,TA,TA,RFn,0,125000
6,1902,2,539,0,1318,2,1978,0,8,TA,TA,,Unf,0,112000
8,1314,2,552,1300,1314,2,2009,0,6,Gd,Gd,Gd,RFn,112,229456
4,912,0,0,0,672,1,1947,0,3,TA,TA,,,0,80500
6,1218,0,0,672,672,1,1971,0,7,TA,TA,TA,,0,91500
5,912,1,288,912,912,1,1964,0,5,TA,TA,TA,Unf,0,115000
5,1211,1,322,952,1211,1,1968,1,5,TA,TA,TA,Unf,63,134000
6,1846,1,315,1040,1168,2,1949,1,7,TA,TA,TA,Unf,0,143000
5,2136,2,528,2136,2136,2,1951,0,7,TA,TA,TA,Unf,30,137900
7,1490,2,388,788,788,2,2004,1,8,Gd,Gd,Gd,Fin,75,184000
6,1138,1,264,588,1138,1,1958,0,6,TA,TA,TA,RFn,0,145000
6,1933,3,668,894,894,2,2007,1,9,Gd,Gd,Gd,Fin,18,214000
5,912,2,576,912,912,1,1965,0,5,Gd,TA,TA,Unf,240,147000
9,1702,3,1052,1702,1702,1,2008,1,7,Ex,Ex,Ex,Fin,72,367294
5,1507,1,404,1075,1507,2,1960,0,7,TA,TA,TA,Unf,0,127000
5,2620,2,600,1361,1361,2,1977,1,12,TA,TA,Gd,RFn,24,190000
5,1190,2,540,1106,1190,1,1962,0,6,TA,TA,TA,Unf,18,132500
4,1224,2,462,0,1224,2,1962,0,6,TA,TA,,Unf,0,101800
5,1188,2,531,1188,1188,1,1959,0,6,TA,TA,TA,RFn,0,142000
5,1964,0,0,940,1024,1,1911,0,7,TA,TA,TA,,192,130000
5,1784,1,180,747,892,1,1914,0,9,TA,TA,Gd,Unf,40,138887
7,1626,2,474,764,764,2,2003,0,6,Gd,Gd,Gd,RFn,27,175500
7,1948,2,434,847,847,2,2004,1,8,Gd,Gd,Gd,Fin,48,195000
6,1141,2,484,1141,1141,1,2005,0,6,TA,Gd,Gd,Unf,0,142500
8,1484,2,472,1476,1484,2,2006,1,6,Ex,Gd,Gd,RFn,33,265900
7,1768,2,543,884,884,2,2003,0,8,Gd,Gd,Gd,RFn,63,224900
7,1689,3,954,1689,1689,2,2007,0,7,Gd,Gd,Gd,RFn,56,248328
7,1173,2,528,1053,1173,2,1974,2,6,Gd,TA,Gd,RFn,120,170000
10,2076,3,850,2076,2076,2,2006,1,7,Ex,Ex,Ex,Fin,229,465000
8,1517,2,400,792,792,1,1929,2,7,Gd,TA,Gd,Unf,0,230000
6,1868,2,477,585,1140,3,1984,1,7,TA,TA,Gd,Fin,112,178000
7,1553,2,615,756,756,2,2005,0,6,Gd,Gd,Gd,RFn,45,186500
6,1034,3,888,1012,1034,1,1976,0,6,TA,TA,TA,Unf,0,169900
6,2058,2,396,735,1134,1,1917,1,8,TA,TA,Gd,Unf,0,129500
5,988,1,276,876,988,1,1950,0,6,TA,TA,TA,Unf,80,119000
7,2110,2,522,2110,2110,2,1968,2,8,Ex,Gd,TA,Fin,0,244000
7,1405,2,478,1405,1405,2,2003,1,6,Gd,Gd,Gd,RFn,36,171750
5,874,1,288,864,874,1,1968,0,5,TA,TA,TA,RFn,0,130000
7,2167,2,518,1192,1516,2,1974,2,9,Gd,Gd,TA,RFn,47,294000
7,1656,2,397,746,760,2,2003,1,7,Gd,Gd,Gd,Fin,128,165400
6,1367,1,560,884,959,1,1931,1,6,TA,TA,TA,Unf,0,127500
8,1987,2,691,1986,1987,2,1994,1,7,Gd,Gd,Gd,Fin,36,301500
5,864,0,0,864,864,1,1922,0,4,TA,TA,Fa,,96,99900
7,1166,2,400,856,1166,2,2005,0,5,Gd,Gd,Gd,Fin,0,190000
6,1054,2,460,1054,1054,1,1969,0,6,TA,TA,Gd,Unf,0,151000
6,1675,2,502,841,892,2,1999,1,7,TA,TA,Gd,Fin,103,181000
5,1050,1,338,1050,1050,1,1956,0,5,TA,TA,TA,Unf,0,128900
4,1788,1,304,1104,1104,1,1957,2,8,TA,TA,TA,Unf,0,161500
6,1824,2,520,764,1060,1,1919,1,8,TA,TA,TA,Unf,0,180500
6,1337,2,511,1405,1337,2,1998,0,5,Gd,Gd,Gd,Fin,68,181000
7,1452,2,506,691,713,2,1999,0,6,Gd,Gd,Gd,Unf,34,183900
7,1889,1,308,925,964,1,1910,1,9,TA,Fa,TA,Unf,0,122000
9,2018,3,746,2002,2018,2,2008,1,10,Ex,Ex,Ex,Fin,76,378500
8,3447,3,1014,728,1968,3,1935,2,11,Gd,TA,TA,Unf,12,381000
5,1524,1,315,874,874,1,1958,0,7,TA,TA,TA,Unf,0,144000
7,1524,2,586,1332,1332,0,1979,1,4,Gd,Gd,Gd,Fin,0,260000
6,1489,2,462,1489,1489,2,1968,1,7,Gd,TA,TA,RFn,0,185750
5,935,1,288,935,935,1,1965,0,5,TA,TA,TA,Unf,0,137000
6,1357,1,312,1019,1357,1,1959,1,5,Ex,TA,TA,RFn,0,177000
5,1250,2,552,661,661,2,1910,1,8,TA,TA,TA,Unf,0,139000
5,1920,2,400,928,928,2,1948,0,10,TA,TA,TA,Unf,0,137000
6,1395,2,497,723,735,1,1972,1,6,TA,TA,TA,Unf,116,162000
6,1724,2,480,1680,1724,1,1967,1,7,TA,TA,Gd,RFn,0,197900
8,2031,2,577,1128,1128,2,2002,1,7,Gd,Gd,Gd,RFn,211,237000
4,1128,2,528,698,698,1,1920,0,6,TA,TA,TA,RFn,0,68400
7,1573,2,544,1573,1573,2,2002,0,6,Gd,Gd,Gd,RFn,72,227000
7,1339,2,484,1309,1339,2,1990,1,6,TA,TA,Gd,Fin,58,180000
5,1040,2,484,1040,1040,2,1977,0,5,Gd,TA,Gd,Unf,0,150500
6,1824,0,0,912,912,2,1971,0,8,TA,TA,TA,,0,139000
6,2447,1,336,804,1699,2,1919,1,10,Gd,TA,TA,Unf,0,169000
6,1412,1,280,780,825,1,1939,1,6,TA,TA,TA,Unf,0,132500
6,1328,2,528,1328,1328,1,1963,2,6,TA,TA,TA,Unf,26,143000
5,1582,2,390,1624,1582,2,1964,0,7,TA,TA,TA,Unf,198,190000
8,1659,2,499,1501,1659,2,2000,1,5,Ex,Gd,Gd,Fin,59,278000
8,1970,3,753,1085,1120,2,2006,1,8,Ex,Gd,Gd,Fin,74,281000
5,1152,2,484,1152,1152,1,1964,1,6,TA,TA,TA,RFn,0,180500
5,1302,1,264,630,630,2,1972,0,6,TA,TA,TA,Unf,0,119500
5,2372,1,432,994,1378,2,1892,0,11,TA,TA,TA,RFn,287,107500
7,1664,2,528,832,832,2,1976,1,8,TA,TA,Gd,RFn,28,162900
5,864,2,572,864,864,1,1955,0,5,TA,TA,TA,Unf,0,115000
5,1052,1,288,1052,1052,1,1968,0,5,TA,TA,TA,RFn,0,138500
5,1128,2,525,1120,1128,2,1963,0,6,TA,TA,TA,RFn,20,155000
6,1072,2,525,547,1072,2,2005,0,5,TA,TA,Gd,Fin,44,140000
10,5642,2,1418,6110,4692,2,2008,3,12,Ex,Ex,Ex,Fin,292,160000
5,1246,1,305,1246,1246,1,1959,0,6,Gd,TA,TA,RFn,0,154000
7,1983,2,490,978,1005,2,1999,1,9,Gd,Gd,Gd,Fin,0,225000
6,1494,1,213,771,753,1,1942,2,7,Gd,TA,TA,Unf,0,177500
8,2526,3,844,1165,1203,2,1994,1,8,Gd,Gd,Gd,RFn,78,290000
7,1616,3,834,1616,1616,2,2005,0,7,Gd,Gd,Gd,RFn,59,232000
7,1708,2,380,976,976,2,2004,0,7,Gd,Gd,Gd,Unf,40,130000
9,1652,2,840,1652,1652,2,2006,2,6,Ex,Gd,Ex,Fin,102,325000
7,1368,2,474,1368,1368,2,2005,1,6,Gd,Gd,Gd,RFn,35,202500
5,990,2,480,990,990,1,1994,0,5,TA,TA,Gd,Unf,64,138000
5,1122,2,528,924,1122,1,1948,0,6,Gd,TA,TA,Unf,36,147000
6,1294,2,496,1278,1294,2,1991,0,6,Gd,TA,Gd,RFn,51,179200
7,1902,2,567,1902,1902,2,1959,2,7,Ex,Gd,Gd,Fin,207,335000
7,1274,2,508,1274,1274,2,2005,0,6,Gd,Gd,Gd,RFn,98,203000
8,2810,2,750,1453,1453,2,1990,1,9,Gd,Gd,Ex,RFn,0,302000
9,2599,3,779,1393,1422,2,1999,1,10,Gd,Gd,Gd,Fin,30,333168
4,948,1,280,948,948,1,1954,1,5,TA,TA,TA,Unf,36,119000
6,2112,2,576,952,1092,2,1969,2,9,TA,TA,Fa,Unf,0,206900
8,1630,3,860,1622,1630,2,2008,1,8,Ex,Gd,Ex,RFn,42,295493
7,1352,2,466,1352,1352,2,2006,1,5,Gd,Gd,Ex,RFn,241,208900
8,1787,3,748,1753,1787,2,2001,1,7,Gd,Gd,Gd,RFn,150,275000
4,948,1,248,864,948,1,1954,0,5,TA,TA,TA,Unf,0,111000
6,1478,2,442,1478,1478,1,1957,2,6,TA,TA,TA,RFn,0,156500
3,720,1,287,0,720,1,1949,0,4,TA,TA,,Unf,0,72500
7,1923,2,564,750,1061,2,1992,1,8,Gd,Gd,Gd,RFn,39,190000
4,708,0,0,420,708,1,1940,0,5,Fa,Fa,TA,,0,82500
8,1795,3,895,1795,1795,2,2006,1,7,Gd,Gd,Ex,RFn,49,147000
4,796,0,0,796,796,1,1922,0,5,TA,TA,TA,,0,55000
3,774,0,0,544,774,1,1931,0,6,Gd,TA,TA,,0,79000
5,816,1,264,816,816,1,1982,1,5,Gd,Gd,TA,Unf,0,130500
6,2792,2,520,1510,1584,2,1920,2,8,TA,Gd,Gd,Unf,547,256000
7,1632,2,462,935,955,2,1998,1,8,TA,TA,Gd,Fin,28,176500
8,1588,3,825,1588,1588,2,2006,1,7,Gd,Gd,Gd,RFn,45,227000
5,954,2,576,911,954,1,1976,0,6,TA,TA,TA,Unf,0,132500
4,816,1,288,816,816,1,1938,1,3,TA,TA,TA,Unf,0,100000
5,1360,1,297,803,803,1,1938,0,6,Gd,TA,TA,Unf,65,125500
5,1365,2,440,765,765,1,1970,0,7,TA,TA,TA,Unf,36,125000
6,1334,2,630,1350,1334,2,1977,1,6,TA,TA,Gd,RFn,16,167900
5,1656,2,506,1656,1656,2,1973,0,8,TA,TA,TA,Unf,211,135000
4,693,0,0,693,693,1,1941,0,4,Fa,TA,TA,,20,52500
7,1861,2,492,916,920,2,2002,0,8,Gd,Gd,Gd,RFn,91,200000
5,864,1,288,864,864,1,1972,0,5,TA,TA,TA,RFn,0,128500
4,872,4,480,858,872,1,1971,0,5,TA,TA,TA,Unf,0,123000
6,1114,2,576,1114,1114,1,2003,0,6,Gd,TA,Gd,Unf,78,155000
8,2169,2,647,1284,1284,2,2002,1,7,Gd,Gd,Gd,RFn,87,228500
6,1913,2,342,896,1172,1,1928,1,9,TA,TA,TA,Unf,0,177000
7,1456,2,440,728,728,2,2006,1,8,Gd,Gd,Gd,Fin,0,155835
4,960,1,308,960,960,1,1920,0,5,Fa,TA,TA,Unf,0,108500
7,2156,2,508,1568,2156,2,1968,1,9,TA,TA,TA,RFn,80,262500
8,1776,3,712,1732,1776,2,2006,1,7,Gd,Gd,Ex,Fin,0,283463
7,1494,2,514,1482,1494,2,1998,1,5,Gd,Gd,Gd,RFn,25,215000
8,2358,0,0,684,938,2,1872,0,8,TA,TA,TA,,54,122000
5,2634,4,968,1248,1338,2,1969,0,12,TA,TA,TA,Unf,0,200000
6,1716,2,490,858,858,1,1962,1,8,TA,TA,TA,Fin,84,171000
6,1176,2,624,698,786,1,1937,0,4,TA,Gd,TA,Unf,0,134900
8,3238,3,666,2033,2053,2,1995,1,9,Gd,Gd,Gd,Fin,86,410000
7,1865,3,839,992,992,2,2000,1,7,Gd,Gd,Gd,RFn,184,235000
7,1920,2,487,570,1222,3,1968,1,8,Gd,TA,TA,RFn,98,170000
5,892,1,264,864,892,1,1966,0,5,TA,TA,TA,RFn,0,110000
5,1078,2,500,1078,1078,1,1971,1,6,TA,TA,TA,Fin,0,149900
6,1573,2,440,756,769,2,2000,0,5,Gd,Gd,Gd,Unf,32,177500
9,1980,3,770,1980,1980,2,2004,1,8,Ex,Gd,Ex,Fin,45,315000
5,2601,2,621,612,990,3,1921,0,8,TA,TA,TA,RFn,0,189000
7,1530,2,430,1530,1530,2,2005,1,7,Gd,Gd,Ex,Fin,36,260000
4,1738,1,368,715,1281,2,1920,1,7,TA,TA,TA,Unf,0,104900
6,1412,2,432,616,616,2,2006,1,6,Gd,TA,Gd,Fin,36,156932
7,1200,2,480,600,520,2,2005,0,4,Gd,Gd,Gd,RFn,166,144152
7,1674,2,663,814,814,2,2000,0,7,Gd,Gd,Gd,RFn,96,216000
7,1790,2,588,873,882,2,1999,0,7,Gd,Gd,Gd,RFn,88,193000
5,1475,1,336,757,925,2,1977,1,6,TA,TA,TA,RFn,26,127000
6,848,2,420,848,848,1,2003,0,4,Gd,Gd,Gd,Fin,0,144000
8,1668,2,502,1657,1668,2,2003,1,8,Gd,Gd,Gd,Fin,262,232000
4,1374,1,338,840,840,1,1920,0,6,TA,Fa,TA,Fin,0,105000
6,1661,1,377,992,1661,1,1955,1,8,Gd,TA,TA,RFn,28,165500
7,2097,2,583,1108,1108,2,1998,1,8,Gd,TA,Gd,RFn,170,274300
10,2633,3,804,2633,2633,2,2001,2,8,Ex,Ex,Ex,RFn,140,466500
7,1958,3,936,1026,1026,2,2005,1,9,Gd,Gd,Gd,Fin,210,250000
8,1571,3,722,1571,1571,2,2007,1,7,Gd,Gd,Gd,Fin,36,239000
6,790,1,160,768,790,1,1930,0,4,TA,TA,Gd,Unf,141,91000
5,1604,2,660,984,984,2,1941,0,6,TA,TA,TA,Unf,68,117000
6,987,1,264,483,483,1,1973,0,5,TA,TA,TA,Unf,0,83000
5,1394,2,400,384,754,2,2006,0,7,Gd,TA,Gd,Fin,0,167500
3,864,1,200,864,864,1,1914,0,5,TA,TA,TA,Unf,0,58500
6,2117,2,550,1205,2117,2,1970,2,7,TA,TA,TA,Fin,42,237500
7,1762,2,576,596,998,1,1920,0,8,Gd,TA,Fa,Unf,0,157000
5,1416,2,576,816,1416,2,1918,0,7,Gd,TA,TA,Unf,0,112000
6,1258,1,280,560,698,1,1939,0,6,TA,TA,TA,Unf,0,105000
4,1154,1,240,796,796,1,1922,0,7,Gd,TA,TA,Unf,96,125500
7,2784,2,564,1392,1392,3,1978,2,12,Gd,TA,Gd,RFn,112,250000
6,2526,1,216,714,1664,2,1916,1,10,Gd,TA,TA,Unf,15,136000
9,1746,3,758,1746,1746,2,2006,2,7,Ex,Ex,Ex,Fin,39,377500
6,1218,2,440,735,869,1,1941,1,6,TA,TA,TA,Unf,0,131000
7,1525,2,541,1525,1525,2,2000,0,6,Gd,Gd,Gd,RFn,36,235000
5,1584,3,792,1584,1584,2,1967,0,8,TA,TA,TA,Unf,152,124000
5,900,1,288,864,900,1,1967,1,6,TA,TA,TA,RFn,144,123000
6,1912,2,672,482,1221,2,1905,1,7,TA,TA,Fa,Unf,25,163000
7,1500,3,648,1356,1500,2,2006,1,6,Gd,Gd,Gd,Fin,20,246578
8,2482,3,642,1094,1133,2,2005,1,9,Gd,Gd,Gd,Fin,39,281213
5,1687,2,572,747,1687,1,1948,2,7,TA,TA,TA,Unf,0,160000
5,1513,1,180,939,939,1,1920,0,8,TA,TA,TA,Unf,0,137500
5,1904,1,240,1208,1136,1,1950,0,7,TA,TA,TA,Unf,0,138000
6,1608,1,216,976,1160,2,1925,1,7,Gd,TA,TA,Unf,16,137450
6,1158,1,208,862,950,1,1929,1,5,TA,TA,TA,RFn,0,120000
6,1593,2,398,839,864,2,2004,1,8,TA,TA,TA,Fin,75,193000
7,1294,2,662,1286,1294,2,2006,1,6,Gd,Gd,Gd,RFn,55,193879
8,1464,3,754,1485,1464,2,2007,0,6,Gd,Gd,Gd,Unf,160,282922
3,1214,3,936,672,694,1,1915,0,6,TA,TA,TA,Unf,0,105000
8,1646,2,482,1594,1646,2,2004,1,5,Gd,Gd,Ex,Fin,53,275000
5,768,2,396,768,768,1,1972,0,5,TA,TA,Gd,Unf,0,133000
5,833,0,0,833,833,1,1985,0,5,TA,TA,TA,,0,112000
4,1363,2,528,622,741,1,1910,0,6,TA,TA,Fa,Unf,0,125500
7,2093,2,542,791,1236,2,1986,1,7,TA,TA,Gd,Fin,63,215000
7,1840,2,622,944,944,2,2001,0,6,Gd,Gd,Gd,RFn,45,230000
6,1668,1,271,856,1112,1,1950,0,6,TA,TA,TA,Unf,0,140000
4,1040,2,420,0,1040,2,1949,0,6,TA,TA,,Unf,0,90000
8,1844,2,620,1844,1844,2,2005,1,7,Gd,Gd,Gd,Fin,44,257000
6,1848,2,370,833,1053,1,1923,1,8,Gd,TA,TA,Unf,0,207000
7,1569,3,660,1386,1569,2,2007,1,7,Gd,Gd,Gd,RFn,20,175900
4,2290,2,560,777,1246,2,1885,0,11,TA,TA,TA,Unf,0,122500
8,2450,3,1069,1284,1310,2,1998,1,7,Gd,Gd,Gd,Fin,126,340000
5,1144,1,336,1144,1144,1,1963,0,6,TA,TA,TA,Unf,88,124000
6,1844,2,540,1844,1844,2,1969,1,7,Gd,Gd,TA,RFn,73,223000
6,1416,2,776,708,708,2,1968,1,7,TA,TA,TA,RFn,169,179900
6,1069,2,440,1069,1069,2,1977,1,4,TA,TA,Gd,RFn,55,127500
6,848,2,420,848,848,1,2003,0,3,Gd,Gd,Gd,Fin,0,136500
6,2201,2,432,697,1575,2,1966,1,8,Gd,Gd,Gd,Unf,236,274970
5,1344,1,484,1024,1344,1,1958,1,6,TA,TA,TA,Unf,28,144000
6,1252,2,528,1252,1252,1,1959,0,7,Gd,Gd,TA,Unf,39,142000
7,2127,2,525,1223,1223,2,1994,2,5,Gd,Gd,Gd,RFn,132,271000
5,1558,1,288,913,1048,1,1945,1,6,TA,TA,TA,Unf,0,140000
5,804,1,240,788,804,1,1940,2,4,Gd,TA,TA,Unf,0,119000
6,1440,2,467,1440,1440,2,1981,1,7,Gd,Gd,Gd,Fin,0,182900
5,1838,2,372,732,734,2,2005,1,7,TA,Gd,Gd,Fin,40,192140
6,958,2,440,958,958,2,1976,0,5,TA,TA,Gd,RFn,60,143750
4,968,1,216,656,968,2,1927,0,5,TA,TA,TA,Unf,0,64500
6,1792,2,451,936,962,2,2000,1,8,TA,TA,Gd,Fin,0,186500
5,1126,2,484,1126,1126,2,1977,1,5,TA,TA,TA,RFn,41,160000
6,1537,2,462,1319,1537,1,1962,1,7,Gd,Gd,TA,RFn,36,174000
4,864,2,528,864,864,1,1971,0,5,TA,TA,TA,Unf,0,120500
8,1932,3,774,1932,1932,2,2008,1,7,Ex,Ex,Ex,Fin,66,394617
6,1236,2,923,912,1236,1,1957,0,6,TA,TA,TA,Unf,158,149700
7,1725,2,550,539,1040,2,1979,1,6,TA,TA,TA,RFn,88,197000
6,2555,2,672,588,1423,2,1922,1,11,TA,TA,Ex,Fin,0,191000
6,848,2,420,848,848,1,2004,1,3,Gd,Gd,Gd,RFn,0,149300
10,2007,3,812,1017,1026,2,2008,1,10,Ex,Ex,Ex,Fin,52,310000
6,952,1,192,952,952,1,1916,1,4,Fa,TA,TA,Unf,98,121000
7,1422,2,626,1422,1422,2,2004,0,7,Gd,Gd,Gd,RFn,60,179600
6,913,1,240,814,913,1,1966,0,6,TA,TA,TA,Unf,0,129000
5,1188,1,312,1188,1188,1,1962,0,6,TA,TA,TA,Unf,39,157900
8,2090,2,556,1220,1220,2,1995,1,8,Gd,Gd,Gd,RFn,65,240000
4,1346,1,384,560,796,1,1910,0,6,TA,TA,Fa,Unf,24,112000
5,630,0,0,630,630,1,1970,0,3,Ex,TA,Gd,,0,92000
5,1792,0,0,896,896,2,1974,0,8,TA,TA,Gd,,45,136000
8,1578,3,840,1573,1578,2,2008,1,7,Ex,Gd,Gd,Fin,36,287090
5,1072,2,525,547,1072,1,2005,0,5,TA,TA,Gd,Fin,28,145000
5,1140,0,0,1140,1140,1,2006,0,6,TA,TA,Gd,,56,84500
7,1221,2,400,1221,1221,2,2004,0,6,Gd,Gd,Gd,RFn,113,185000
6,1647,2,460,953,953,2,1999,1,7,TA,TA,Gd,RFn,40,175000
6,2073,2,500,1542,2073,2,1978,2,7,TA,TA,Gd,Unf,0,210000
7,2340,1,252,1152,1188,2,1941,2,9,Gd,Ex,TA,RFn,60,266500
5,1078,1,240,1078,1078,1,1950,0,5,Gd,TA,TA,Unf,0,142125
5,1256,1,276,1256,1256,1,1965,0,6,TA,Gd,TA,Fin,68,147500